NIM00001,8,2.57,2.45,160,Cuti
NIM00002,7,3.53,3.09,140,Aktif
NIM00003,7,2.94,3.91,140,Aktif
NIM00004,1,2.63,2.99,20,Drop Out
NIM00005,2,3.25,2.79,40,Aktif
NIM00006,4,3.31,2.97,80,Aktif
NIM00007,5,3.54,3.58,100,Aktif
NIM00008,2,2.31,2.95,40,Aktif
NIM00009,1,3.48,3.57,20,Aktif
NIM00010,4,3.2,2.86,80,Drop Out
NIM00011,3,2.12,2.5,60,Aktif
NIM00012,4,3.55,2.65,80,Aktif
NIM00013,6,2.77,2.16,120,Lulus
NIM00014,8,2.66,2.99,160,Aktif
NIM00015,2,2.9,2.3,40,Aktif
NIM00016,1,2.69,3.62,20,Cuti
NIM00017,2,2.68,2.84,40,Cuti
NIM00018,3,3.62,3.53,60,Aktif
NIM00019,7,2.25,3.91,140,Lulus
NIM00020,3,3.94,3.7,60,Lulus
NIM00021,1,3.11,3.9,20,Aktif
NIM00022,6,2.37,3.14,120,Aktif
NIM00023,5,2.26,2.33,100,Drop Out
NIM00024,8,3.18,3.87,160,Aktif
NIM00025,8,3.27,3.74,160,Aktif
NIM00026,4,2.11,3.73,80,Cuti
NIM00027,4,2.49,3.39,80,Aktif
NIM00028,3,3.59,3.25,60,Aktif
NIM00029,2,2.1,2.03,40,Aktif
NIM00030,7,3.71,3.5,140,Aktif
NIM00031,2,3.32,2.18,40,Aktif
NIM00032,6,2.87,2.52,120,Aktif
NIM00033,5,2.69,3.1,100,Aktif
NIM00034,8,2.04,2.9,160,Aktif
NIM00035,2,3.65,2.03,40,Lulus
NIM00036,8,2.29,3.65,160,Lulus
NIM00037,4,2.62,3.76,80,Aktif
NIM00038,8,3.14,3.36,160,Cuti
NIM00039,7,2.49,3.08,140,Cuti
NIM00040,8,2.99,3.92,160,Drop Out
NIM00041,2,3.62,2.24,40,Aktif
NIM00042,7,2.94,3.48,140,Aktif
NIM00043,8,3.9,2.26,160,Cuti
NIM00044,5,3.7,2.76,100,Aktif
NIM00045,4,2.67,3.17,80,Aktif
NIM00046,8,2.8,3.47,160,Aktif
NIM00047,7,2.85,2.01,140,Lulus
NIM00048,2,3.25,2.52,40,Aktif
NIM00049,4,2.57,3.08,80,Aktif
NIM00050,3,3.94,3.07,60,Aktif
NIM00051,3,3.22,3.28,60,Drop Out
NIM00052,6,2.8,2.61,120,Aktif
NIM00053,3,3.29,3.08,60,Aktif
NIM00054,2,2.79,2.38,40,Aktif
NIM00055,5,3.64,2.37,100,Aktif
NIM00056,4,3.14,3.15,80,Aktif
NIM00057,7,2.08,3.37,140,Aktif
NIM00058,1,2.35,2.24,20,Aktif
NIM00059,3,3.73,2.25,60,Aktif
NIM00060,3,3.13,3.13,60,Cuti
NIM00061,1,3.9,2.54,20,Aktif
NIM00062,7,2.14,2.78,140,Aktif
NIM00063,7,2.59,2.8,140,Aktif
NIM00064,1,2.39,2.36,20,Aktif
NIM00065,7,3.11,2,140,Aktif
NIM00066,2,2.77,3.71,40,Aktif
NIM00067,7,2.31,3.43,140,Drop Out
NIM00068,4,3.29,3.38,80,Aktif
NIM00069,7,3.07,3.09,140,Aktif
NIM00070,8,2.55,3.4,160,Aktif
NIM00071,8,2.96,3.87,160,Aktif
NIM00072,3,3.49,3.33,60,Aktif
NIM00073,5,2.41,2.53,100,Aktif
NIM00074,2,2.59,3.14,40,Aktif
NIM00075,2,2.69,2.88,40,Aktif
NIM00076,7,3.49,3.11,140,Aktif
NIM00077,5,3.69,3.04,100,Aktif
NIM00078,5,2.75,3.72,100,Aktif
NIM00079,6,2.59,3.3,120,Aktif
NIM00080,5,3.78,2.38,100,Aktif
NIM00081,7,4,2.13,140,Aktif
NIM00082,7,3.34,2.85,140,Aktif
NIM00083,1,3.98,2.03,20,Aktif
NIM00084,3,3.32,2.64,60,Aktif
NIM00085,8,3.47,2.74,160,Aktif
NIM00086,6,2.78,2.75,120,Aktif
NIM00087,7,2.87,3.96,140,Aktif
NIM00088,1,2.29,2.61,20,Aktif
NIM00089,6,3.65,2.53,120,Drop Out
NIM00090,3,3.86,2.26,60,Drop Out
NIM00091,6,3.25,3.02,120,Aktif
NIM00092,1,2.69,2.31,20,Drop Out
NIM00093,4,2.31,3.23,80,Aktif
NIM00094,8,2.53,2.31,160,Aktif
NIM00095,7,2.51,3.15,140,Lulus
NIM00096,8,3.23,3.65,160,Drop Out
NIM00097,3,3.89,2.09,60,Lulus
NIM00098,2,2.1,2.84,40,Aktif
NIM00099,3,2,2.92,60,Aktif
NIM00100,3,3.2,3.58,60,Aktif
NIM00101,3,2.57,2.94,60,Aktif
NIM00102,4,3.76,3.14,80,Aktif
NIM00103,7,2.65,3.58,140,Drop Out
NIM00104,1,2.58,3.12,20,Aktif
NIM00105,7,2.54,2.72,140,Aktif
NIM00106,2,2.29,2.17,40,Aktif
NIM00107,1,3.16,3.46,20,Aktif
NIM00108,6,2.34,3.74,120,Aktif
NIM00109,6,2.85,3.94,120,Lulus
NIM00110,6,2.92,3.85,120,Aktif
NIM00111,1,2.04,3.59,20,Aktif
NIM00112,5,2.03,3.29,100,Drop Out
NIM00113,4,3.04,3.56,80,Lulus
NIM00114,5,3.39,2.86,100,Drop Out
NIM00115,7,3.88,3.19,140,Drop Out
NIM00116,6,2.36,2.7,120,Aktif
NIM00117,4,2.21,2.65,80,Lulus
NIM00118,1,2.1,3.51,20,Aktif
NIM00119,6,2.87,2.91,120,Cuti
NIM00120,1,3.25,2.42,20,Aktif
NIM00121,4,3.68,2.4,80,Aktif
NIM00122,1,3.37,3.72,20,Aktif
NIM00123,1,2.42,3.36,20,Aktif
NIM00124,2,2.92,3.09,40,Aktif
NIM00125,7,3.82,2.8,140,Aktif
NIM00126,5,2.65,2.86,100,Drop Out
NIM00127,8,3,2.11,160,Aktif
NIM00128,5,3.92,2.91,100,Aktif
NIM00129,5,3.47,3.59,100,Drop Out
NIM00130,3,3.5,2.78,60,Aktif
NIM00131,2,2.5,2.77,40,Aktif
NIM00132,8,2.83,2.03,160,Aktif
NIM00133,6,2.16,2.92,120,Aktif
NIM00134,6,3.21,2.05,120,Lulus
NIM00135,6,2.21,3.14,120,Lulus
NIM00136,5,3.67,3.01,100,Cuti
NIM00137,7,3.63,3.68,140,Aktif
NIM00138,5,3.07,3.16,100,Aktif
NIM00139,8,2.28,2.65,160,Aktif
NIM00140,7,2.05,3.03,140,Aktif
NIM00141,2,3.59,3.4,40,Aktif
NIM00142,7,3.2,2.19,140,Aktif
NIM00143,8,3.42,3.24,160,Aktif
NIM00144,1,2.61,3.83,20,Aktif
NIM00145,5,3.02,2.6,100,Aktif
NIM00146,6,3.49,3.25,120,Lulus
NIM00147,1,2.93,3.64,20,Aktif
NIM00148,5,3.2,3.02,100,Cuti
NIM00149,4,3.58,3.44,80,Cuti
NIM00150,3,2.43,2.62,60,Aktif
NIM00151,5,2.13,2.61,100,Aktif
NIM00152,4,3.06,3.34,80,Aktif
NIM00153,8,2.12,3.41,160,Aktif
NIM00154,2,3.53,3.87,40,Aktif
NIM00155,4,3.44,2.45,80,Lulus
NIM00156,2,3.76,2.94,40,Lulus
NIM00157,5,3.28,2.5,100,Aktif
NIM00158,2,2.13,2.16,40,Lulus
NIM00159,4,2.51,2.81,80,Aktif
NIM00160,7,3.62,2.75,140,Drop Out
NIM00161,3,2.33,2.54,60,Aktif
NIM00162,1,3.4,2.59,20,Aktif
NIM00163,1,3.56,2.72,20,Aktif
NIM00164,3,2.66,3.98,60,Drop Out
NIM00165,6,2.64,3.57,120,Aktif
NIM00166,1,3.12,2.14,20,Aktif
NIM00167,8,3.72,3.74,160,Lulus
NIM00168,5,2.45,3.27,100,Lulus
NIM00169,6,3.88,3.78,120,Aktif
NIM00170,5,3.2,2.68,100,Cuti
NIM00171,4,3.98,2.93,80,Aktif
NIM00172,8,2.18,3.79,160,Aktif
NIM00173,4,2.25,2.55,80,Aktif
NIM00174,6,3.65,3.83,120,Aktif
NIM00175,6,3.73,3.66,120,Aktif
NIM00176,8,2.89,3.96,160,Aktif
NIM00177,8,3.43,2.65,160,Aktif
NIM00178,6,3.74,2.47,120,Cuti
NIM00179,6,2.09,2.66,120,Cuti
NIM00180,2,3.15,3.91,40,Aktif
NIM00181,7,3.71,2.67,140,Aktif
NIM00182,6,2.8,3.13,120,Aktif
NIM00183,8,2.6,2.81,160,Cuti
NIM00184,7,3.59,2.79,140,Aktif
NIM00185,6,2.67,2.39,120,Aktif
NIM00186,4,2.01,3.07,80,Aktif
NIM00187,5,3.92,3.7,100,Aktif
NIM00188,7,3.18,2.1,140,Aktif
NIM00189,4,3.64,3.78,80,Lulus
NIM00190,1,3.65,3.33,20,Aktif
NIM00191,8,2.13,3.23,160,Aktif
NIM00192,2,2.34,3.25,40,Aktif
NIM00193,2,2.62,2.59,40,Drop Out
NIM00194,5,2.64,2.83,100,Aktif
NIM00195,6,3.32,3.6,120,Aktif
NIM00196,4,3.25,2.61,80,Aktif
NIM00197,1,2.99,2.94,20,Cuti
NIM00198,4,2.42,2.04,80,Aktif
NIM00199,8,2.76,3.47,160,Aktif
NIM00200,8,3.09,2.84,160,Lulus
NIM00201,6,2.94,3.05,120,Lulus
NIM00202,6,2.25,2.23,120,Aktif
NIM00203,8,3.3,3.98,160,Lulus
NIM00204,3,2.15,2.6,60,Aktif
NIM00205,8,2.76,3.27,160,Aktif
NIM00206,4,3.42,3.16,80,Aktif
NIM00207,5,2.04,3.57,100,Aktif
NIM00208,4,3.14,2.59,80,Aktif
NIM00209,2,2.67,3.51,40,Aktif
NIM00210,1,2.02,2.77,20,Drop Out
NIM00211,7,2.38,2.82,140,Cuti
NIM00212,5,3.88,3.35,100,Aktif
NIM00213,3,3.04,3.57,60,Aktif
NIM00214,1,3.99,3.33,20,Aktif
NIM00215,1,3.05,3.8,20,Aktif
NIM00216,7,3.09,2.57,140,Aktif
NIM00217,2,2.78,3.8,40,Aktif
NIM00218,2,2.62,2.26,40,Aktif
NIM00219,2,2.5,3.32,40,Aktif
NIM00220,5,2.69,3.1,100,Cuti
NIM00221,4,2.92,2.99,80,Drop Out
NIM00222,1,2.38,2.62,20,Aktif
NIM00223,4,2.45,3.01,80,Aktif
NIM00224,4,2.54,2.32,80,Aktif
NIM00225,2,2.9,2.74,40,Aktif
NIM00226,4,3.31,2.2,80,Aktif
NIM00227,1,3.71,3.14,20,Aktif
NIM00228,1,2.57,2.19,20,Aktif
NIM00229,6,2.37,2.32,120,Aktif
NIM00230,3,2.76,2.17,60,Aktif
NIM00231,5,3.79,2.76,100,Aktif
NIM00232,4,2.02,3.68,80,Aktif
NIM00233,5,3.36,3.81,100,Lulus
NIM00234,5,2.95,2.14,100,Drop Out
NIM00235,5,2.32,3.27,100,Aktif
NIM00236,7,2.64,3.37,140,Aktif
NIM00237,8,2.45,3.07,160,Drop Out
NIM00238,6,3.76,3.33,120,Aktif
NIM00239,5,2.96,2.47,100,Drop Out
NIM00240,8,3.13,2.98,160,Aktif
NIM00241,8,3.19,2.78,160,Lulus
NIM00242,6,3.28,2.18,120,Drop Out
NIM00243,1,2.99,3.25,20,Aktif
NIM00244,7,2.04,2.99,140,Aktif
NIM00245,4,2.67,2.55,80,Aktif
NIM00246,6,2.37,2.95,120,Aktif
NIM00247,3,3.36,3.55,60,Aktif
NIM00248,8,2.11,3.6,160,Aktif
NIM00249,5,3.13,3.3,100,Aktif
NIM00250,8,2.42,2.94,160,Aktif
NIM00251,7,3.9,3.15,140,Drop Out
NIM00252,3,2.67,2.77,60,Aktif
NIM00253,1,2.65,2.25,20,Aktif
NIM00254,1,3.85,2.77,20,Aktif
NIM00255,2,2.83,3.06,40,Aktif
NIM00256,5,3.93,3.2,100,Aktif
NIM00257,2,2.05,3.87,40,Lulus
NIM00258,7,2.61,3.55,140,Aktif
NIM00259,3,3.33,2.3,60,Aktif
NIM00260,8,3.78,2.35,160,Aktif
NIM00261,4,2.51,2.2,80,Aktif
NIM00262,2,3.86,3.48,40,Drop Out
NIM00263,1,3.19,3.41,20,Aktif
NIM00264,5,3.6,3.97,100,Aktif
NIM00265,8,2.79,3.04,160,Aktif
NIM00266,3,2.42,3.65,60,Lulus
NIM00267,6,3.82,3.15,120,Aktif
NIM00268,7,3.87,3.75,140,Drop Out
NIM00269,7,3,3.44,140,Aktif
NIM00270,1,2.01,3.29,20,Aktif
NIM00271,6,2.22,3.13,120,Aktif
NIM00272,7,3.15,3.45,140,Aktif
NIM00273,4,2.05,2.84,80,Aktif
NIM00274,8,2.79,2.19,160,Aktif
NIM00275,5,2.61,2.08,100,Aktif
NIM00276,8,3.43,2.96,160,Drop Out
NIM00277,4,2.11,3.2,80,Aktif
NIM00278,7,2.98,2.16,140,Aktif
NIM00279,4,3.16,2.57,80,Aktif
NIM00280,8,3.23,2.64,160,Aktif
NIM00281,7,2.81,3.13,140,Aktif
NIM00282,5,2.61,2.56,100,Aktif
NIM00283,5,3.36,2.19,100,Aktif
NIM00284,6,3.7,2.33,120,Aktif
NIM00285,4,3.39,2.35,80,Aktif
NIM00286,3,3.86,3.69,60,Drop Out
NIM00287,6,3.43,2.57,120,Aktif
NIM00288,5,3.53,3.43,100,Aktif
NIM00289,1,2.34,3.14,20,Cuti
NIM00290,7,2.84,3.95,140,Aktif
NIM00291,6,2.97,2.55,120,Aktif
NIM00292,2,2.51,2.32,40,Aktif
NIM00293,3,3.06,2.1,60,Drop Out
NIM00294,7,2.58,2.48,140,Lulus
NIM00295,6,3.38,3.37,120,Cuti
NIM00296,5,2.94,2.17,100,Aktif
NIM00297,8,2.92,2.49,160,Aktif
NIM00298,5,3.97,3.71,100,Aktif
NIM00299,3,2.78,3.17,60,Aktif
NIM00300,2,2.72,2.14,40,Lulus
NIM00301,6,2.64,2.1,120,Aktif
NIM00302,8,3.79,2.12,160,Aktif
NIM00303,6,2.99,3.88,120,Drop Out
NIM00304,4,3.2,3.7,80,Cuti
NIM00305,1,2.36,3.69,20,Aktif
NIM00306,5,3.08,3.85,100,Aktif
NIM00307,6,2.55,3.01,120,Aktif
NIM00308,6,3.46,2.49,120,Aktif
NIM00309,7,3.67,2.8,140,Aktif
NIM00310,7,3.43,3.44,140,Aktif
NIM00311,6,3.46,3.75,120,Lulus
NIM00312,2,3.02,2.87,40,Aktif
NIM00313,1,3.42,3.07,20,Aktif
NIM00314,6,2.85,3.86,120,Aktif
NIM00315,3,3.3,2.21,60,Aktif
NIM00316,5,2.52,3.72,100,Aktif
NIM00317,4,2.14,2.32,80,Lulus
NIM00318,7,2.83,2.97,140,Drop Out
NIM00319,3,2.92,2.44,60,Aktif
NIM00320,5,2.51,3.21,100,Drop Out
NIM00321,8,3.46,3.12,160,Aktif
NIM00322,7,2.15,2.76,140,Aktif
NIM00323,2,2.45,3.73,40,Aktif
NIM00324,7,3.5,3.32,140,Drop Out
NIM00325,1,2.87,3.44,20,Aktif
NIM00326,1,3.41,2.3,20,Aktif
NIM00327,5,3.13,3.77,100,Cuti
NIM00328,3,3.9,2.33,60,Aktif
NIM00329,4,3.2,2.45,80,Aktif
NIM00330,2,2.03,2.26,40,Aktif
NIM00331,5,2.71,2.88,100,Aktif
NIM00332,8,2.29,3.78,160,Aktif
NIM00333,2,3.85,2.5,40,Aktif
NIM00334,1,2.21,2.75,20,Lulus
NIM00335,6,2.78,3.69,120,Aktif
NIM00336,6,2.45,3.24,120,Aktif
NIM00337,4,3.69,3.5,80,Aktif
NIM00338,2,2.62,2.43,40,Cuti
NIM00339,5,3.98,3.43,100,Lulus
NIM00340,4,2.08,2.46,80,Aktif
NIM00341,7,2.26,3.97,140,Aktif
NIM00342,7,2.45,3.12,140,Drop Out
NIM00343,8,3.62,3.39,160,Drop Out
NIM00344,3,3.76,2.24,60,Aktif
NIM00345,6,2.14,2.5,120,Aktif
NIM00346,5,2.06,2.28,100,Aktif
NIM00347,2,3.49,2.78,40,Aktif
NIM00348,4,2.27,2.57,80,Lulus
NIM00349,5,2.27,3.47,100,Aktif
NIM00350,4,2.04,2.22,80,Aktif
NIM00351,4,2.1,3.5,80,Aktif
NIM00352,4,2.53,2.09,80,Aktif
NIM00353,2,2.13,2.4,40,Aktif
NIM00354,5,2.74,3.58,100,Aktif
NIM00355,1,3.67,3.49,20,Aktif
NIM00356,1,2.65,2.95,20,Aktif
NIM00357,2,3.46,2.1,40,Aktif
NIM00358,7,2.19,3.22,140,Drop Out
NIM00359,2,3.32,2.81,40,Lulus
NIM00360,6,2.63,2.63,120,Aktif
NIM00361,4,3.5,3.28,80,Cuti
NIM00362,5,2.27,2.87,100,Aktif
NIM00363,5,3.8,2.18,100,Aktif
NIM00364,3,2.49,3.83,60,Lulus
NIM00365,3,2.71,3.56,60,Aktif
NIM00366,8,3.9,2.11,160,Aktif
NIM00367,1,3.16,3.05,20,Lulus
NIM00368,3,2.73,2.17,60,Cuti
NIM00369,3,3.9,3.67,60,Aktif
NIM00370,1,2.66,3.23,20,Lulus
NIM00371,6,2.19,2.34,120,Aktif
NIM00372,7,3.99,2.04,140,Aktif
NIM00373,1,2.54,2.06,20,Aktif
NIM00374,7,3.7,3.01,140,Aktif
NIM00375,8,2.33,3.47,160,Aktif
NIM00376,3,3.46,2.24,60,Aktif
NIM00377,5,3.05,2.44,100,Aktif
NIM00378,3,3.96,2.65,60,Aktif
NIM00379,4,3.11,2.44,80,Aktif
NIM00380,8,2.05,2.78,160,Aktif
NIM00381,7,3.21,3.12,140,Lulus
NIM00382,7,2.29,3.37,140,Aktif
NIM00383,4,3.6,3.93,80,Aktif
NIM00384,4,3.71,3.86,80,Aktif
NIM00385,6,2.96,3.14,120,Drop Out
NIM00386,2,3.57,3.47,40,Aktif
NIM00387,4,2.29,3.9,80,Aktif
NIM00388,7,2.98,2.17,140,Aktif
NIM00389,5,2.79,2.01,100,Aktif
NIM00390,7,3.22,2.06,140,Aktif
NIM00391,7,2.09,3.13,140,Aktif
NIM00392,6,3.5,3.53,120,Lulus
NIM00393,2,2.16,2.73,40,Aktif
NIM00394,2,3.31,3.09,40,Drop Out
NIM00395,4,2.04,3.03,80,Lulus
NIM00396,8,3.66,2.19,160,Lulus
NIM00397,3,2.35,2.64,60,Lulus
NIM00398,7,3.03,2.04,140,Drop Out
NIM00399,1,2.52,2.22,20,Aktif
NIM00400,3,3.45,3.62,60,Aktif
NIM00401,3,2.64,3.66,60,Aktif
NIM00402,2,3.45,3.6,40,Drop Out
NIM00403,2,2.57,3.45,40,Aktif
NIM00404,6,3.5,3.59,120,Aktif
NIM00405,6,2.06,3.34,120,Aktif
NIM00406,2,2.57,3.34,40,Drop Out
NIM00407,5,3,3.33,100,Cuti
NIM00408,5,2.09,3.03,100,Aktif
NIM00409,1,2.37,2.73,20,Aktif
NIM00410,2,3.87,3.46,40,Aktif
NIM00411,4,3.95,2.6,80,Aktif
NIM00412,6,3.48,3.09,120,Aktif
NIM00413,2,2.5,2.87,40,Aktif
NIM00414,5,2.52,2.55,100,Lulus
NIM00415,2,3.29,3.95,40,Aktif
NIM00416,5,2.24,2.52,100,Aktif
NIM00417,2,3.9,2.62,40,Cuti
NIM00418,7,2.45,2.32,140,Aktif
NIM00419,4,4,3.65,80,Aktif
NIM00420,8,2.99,3.17,160,Aktif
NIM00421,1,3.54,3.23,20,Lulus
NIM00422,7,2,3.64,140,Aktif
NIM00423,4,3.78,2.69,80,Aktif
NIM00424,5,2.54,2.39,100,Lulus
NIM00425,6,3.34,2.4,120,Drop Out
NIM00426,6,3.61,3.47,120,Aktif
NIM00427,3,2.33,3.23,60,Cuti
NIM00428,4,2.89,2.41,80,Lulus
NIM00429,2,2.99,2.29,40,Lulus
NIM00430,1,2.62,2.24,20,Lulus
NIM00431,2,2.96,3.26,40,Aktif
NIM00432,2,2.64,2,40,Aktif
NIM00433,4,2.72,2.04,80,Aktif
NIM00434,8,3.34,2.78,160,Aktif
NIM00435,1,3.27,3.38,20,Lulus
NIM00436,3,2.46,3.39,60,Drop Out
NIM00437,7,3.79,2.86,140,Aktif
NIM00438,2,3.73,3.38,40,Aktif
NIM00439,1,3.02,3.04,20,Aktif
NIM00440,3,2.87,3.95,60,Aktif
NIM00441,7,2.75,2.32,140,Cuti
NIM00442,2,3.41,3.2,40,Aktif
NIM00443,1,3.34,2.98,20,Aktif
NIM00444,7,2.39,2.39,140,Aktif
NIM00445,4,3.34,3.5,80,Aktif
NIM00446,8,2.5,2.55,160,Lulus
NIM00447,6,2.04,2.76,120,Aktif
NIM00448,6,3.4,2.75,120,Lulus
NIM00449,2,3.29,2.49,40,Aktif
NIM00450,2,2.82,2.86,40,Aktif
NIM00451,7,3.05,2.95,140,Aktif
NIM00452,1,3.89,3.49,20,Cuti
NIM00453,6,3.19,3.53,120,Aktif
NIM00454,2,3.32,2.32,40,Aktif
NIM00455,3,2.13,3.19,60,Aktif
NIM00456,2,2.33,3.79,40,Aktif
NIM00457,6,2.6,2.22,120,Aktif
NIM00458,5,3.08,2.95,100,Aktif
NIM00459,8,3.55,3.5,160,Aktif
NIM00460,6,2.64,3.22,120,Aktif
NIM00461,3,2.71,2.2,60,Aktif
NIM00462,1,2.51,2.79,20,Aktif
NIM00463,3,2.51,3.01,60,Lulus
NIM00464,5,3.9,3.99,100,Aktif
NIM00465,5,3.27,2.36,100,Lulus
NIM00466,2,2.31,3.96,40,Aktif
NIM00467,2,3.44,2.75,40,Cuti
NIM00468,6,3.44,2.4,120,Aktif
NIM00469,4,3.33,2.83,80,Aktif
NIM00470,8,2.27,3.23,160,Drop Out
NIM00471,3,2.82,2.43,60,Drop Out
NIM00472,6,2.21,2.58,120,Cuti
NIM00473,4,3.63,3.71,80,Drop Out
NIM00474,6,3.31,4,120,Aktif
NIM00475,8,3.01,2.64,160,Aktif
NIM00476,8,2.69,2.3,160,Aktif
NIM00477,5,2.37,3.59,100,Drop Out
NIM00478,2,2.21,3.2,40,Aktif
NIM00479,2,3.94,2.2,40,Lulus
NIM00480,8,2.4,3.89,160,Aktif
NIM00481,6,2.12,2.16,120,Aktif
NIM00482,8,3.92,3.25,160,Aktif
NIM00483,2,3.1,2.85,40,Aktif
NIM00484,1,3.59,3.11,20,Cuti
NIM00485,6,2.09,2.43,120,Aktif
NIM00486,5,3.13,3.38,100,Lulus
NIM00487,7,2.8,3.92,140,Cuti
NIM00488,6,3.54,2.92,120,Aktif
NIM00489,6,2.08,3.05,120,Drop Out
NIM00490,2,2.8,2.48,40,Aktif
NIM00491,5,3.6,3.78,100,Aktif
NIM00492,6,3.05,3.94,120,Aktif
NIM00493,2,3.1,3.57,40,Aktif
NIM00494,8,2.19,3.09,160,Aktif
NIM00495,3,2.26,3.91,60,Drop Out
NIM00496,5,3.35,2.31,100,Aktif
NIM00497,4,3.35,2.96,80,Aktif
NIM00498,1,3.96,3.08,20,Aktif
NIM00499,4,3.42,2.98,80,Aktif
NIM00500,7,2.99,3.6,140,Cuti
NIM00501,8,3.71,3.34,160,Cuti
NIM00502,5,2.21,2.25,100,Aktif
NIM00503,6,2.9,2.69,120,Drop Out
NIM00504,2,2.57,2.68,40,Aktif
NIM00505,7,2.21,3.13,140,Aktif
NIM00506,5,3.53,2.58,100,Aktif
NIM00507,1,3.02,2.23,20,Aktif
NIM00508,5,3.11,3.31,100,Drop Out
NIM00509,7,2.82,3.7,140,Aktif
NIM00510,2,2.92,3.86,40,Aktif
NIM00511,4,2.23,3.95,80,Aktif
NIM00512,3,3.35,3.56,60,Aktif
NIM00513,4,2.86,2.28,80,Aktif
NIM00514,2,3.63,3.71,40,Aktif
NIM00515,7,2.39,2.8,140,Lulus
NIM00516,2,2.41,3.46,40,Cuti
NIM00517,8,3.29,3.06,160,Aktif
NIM00518,1,3.69,3.66,20,Cuti
NIM00519,5,2.94,2.85,100,Aktif
NIM00520,8,3.45,2.12,160,Aktif
NIM00521,5,4,3.11,100,Aktif
NIM00522,4,3.98,2.34,80,Aktif
NIM00523,7,3.49,3.93,140,Drop Out
NIM00524,3,3.48,3.05,60,Aktif
NIM00525,3,2.5,3.11,60,Drop Out
NIM00526,1,3.67,3.81,20,Aktif
NIM00527,2,2.81,3.25,40,Aktif
NIM00528,1,3.92,2.61,20,Cuti
NIM00529,5,2.16,2.59,100,Aktif
NIM00530,6,2.87,3,120,Aktif
NIM00531,6,3.11,3.73,120,Aktif
NIM00532,6,2.81,3.59,120,Aktif
NIM00533,2,2.42,3.93,40,Lulus
NIM00534,1,3.19,2.14,20,Aktif
NIM00535,8,3.51,2.54,160,Aktif
NIM00536,7,3.29,2.16,140,Drop Out
NIM00537,4,2.47,3.5,80,Aktif
NIM00538,5,3.46,2.28,100,Aktif
NIM00539,6,2.51,2.2,120,Aktif
NIM00540,7,2.35,3.12,140,Aktif
NIM00541,3,3.38,2.82,60,Aktif
NIM00542,8,3.69,3.43,160,Aktif
NIM00543,1,2.96,2.97,20,Drop Out
NIM00544,5,3.06,2.85,100,Aktif
NIM00545,5,2.61,2.85,100,Aktif
NIM00546,3,2.99,3.74,60,Aktif
NIM00547,8,2.26,2.79,160,Aktif
NIM00548,3,3.91,2.67,60,Lulus
NIM00549,3,3.6,2.68,60,Aktif
NIM00550,6,3.34,2.39,120,Aktif
NIM00551,8,3.08,3.72,160,Aktif
NIM00552,6,3.58,2.29,120,Aktif
NIM00553,1,2.99,3.82,20,Aktif
NIM00554,3,2.6,2.57,60,Aktif
NIM00555,4,2.32,3.8,80,Aktif
NIM00556,5,3.3,3.58,100,Aktif
NIM00557,8,3.86,3.16,160,Aktif
NIM00558,3,2.31,3.34,60,Aktif
NIM00559,8,2.36,2.65,160,Aktif
NIM00560,5,2.87,3.15,100,Lulus
NIM00561,2,3.61,2.58,40,Aktif
NIM00562,7,2.59,2.8,140,Lulus
NIM00563,2,2.51,3.53,40,Aktif
NIM00564,3,3.24,2.49,60,Cuti
NIM00565,5,3.07,3.68,100,Aktif
NIM00566,7,2.12,2.75,140,Aktif
NIM00567,2,2.16,3.06,40,Aktif
NIM00568,3,3.29,3.88,60,Aktif
NIM00569,5,2.93,3.36,100,Aktif
NIM00570,3,3.94,3.29,60,Aktif
NIM00571,6,3.36,3.42,120,Aktif
NIM00572,5,2.02,3.84,100,Aktif
NIM00573,2,2.96,2.5,40,Aktif
NIM00574,3,2.83,3.23,60,Aktif
NIM00575,8,2.21,2.8,160,Aktif
NIM00576,2,3.85,2.02,40,Aktif
NIM00577,3,3.61,2.25,60,Aktif
NIM00578,8,2.46,2.65,160,Aktif
NIM00579,8,2.51,3.13,160,Aktif
NIM00580,1,2.06,3.76,20,Aktif
NIM00581,8,2.59,3.58,160,Lulus
NIM00582,2,3.17,3.11,40,Aktif
NIM00583,2,2.84,2.15,40,Lulus
NIM00584,4,3.94,2.57,80,Aktif
NIM00585,7,2.11,2.73,140,Lulus
NIM00586,6,3.18,3.24,120,Drop Out
NIM00587,2,3.72,2.13,40,Aktif
NIM00588,5,2.96,3.06,100,Aktif
NIM00589,7,2.01,3.8,140,Aktif
NIM00590,8,2.49,3.41,160,Aktif
NIM00591,3,2.65,3.59,60,Lulus
NIM00592,1,3.93,3.36,20,Lulus
NIM00593,5,3.82,2.41,100,Cuti
NIM00594,7,3.9,2.22,140,Drop Out
NIM00595,5,3.65,3.66,100,Lulus
NIM00596,5,2.7,3.39,100,Aktif
NIM00597,5,3.81,3.15,100,Aktif
NIM00598,7,3.96,2.38,140,Aktif
NIM00599,1,2.7,3.21,20,Aktif
NIM00600,8,2.52,2.06,160,Aktif
NIM00601,4,3.09,2.24,80,Aktif
NIM00602,6,2.37,2.62,120,Aktif
NIM00603,8,2.07,2.89,160,Aktif
NIM00604,2,3.89,2.24,40,Drop Out
NIM00605,7,3.85,2.24,140,Aktif
NIM00606,5,2.33,3.45,100,Aktif
NIM00607,8,2.82,3.14,160,Drop Out
NIM00608,2,3.66,3.07,40,Aktif
NIM00609,7,3.32,2.9,140,Aktif
NIM00610,2,2.79,3.95,40,Aktif
NIM00611,5,3.49,2.1,100,Aktif
NIM00612,4,3.79,2.36,80,Lulus
NIM00613,7,3.85,3.3,140,Aktif
NIM00614,2,2.76,2.27,40,Aktif
NIM00615,3,2.35,3.18,60,Aktif
NIM00616,2,3.83,3.14,40,Drop Out
NIM00617,6,2.19,3.94,120,Aktif
NIM00618,5,3.44,3.77,100,Drop Out
NIM00619,1,2.28,3.89,20,Aktif
NIM00620,2,2.78,2.23,40,Drop Out
NIM00621,4,2.82,3.74,80,Cuti
NIM00622,3,2.32,2.26,60,Cuti
NIM00623,3,3.85,3.27,60,Aktif
NIM00624,1,2.01,3.44,20,Drop Out
NIM00625,8,3.79,2.32,160,Aktif
NIM00626,6,3.77,3.27,120,Drop Out
NIM00627,1,2.63,2.1,20,Aktif
NIM00628,6,3.41,2.59,120,Aktif
NIM00629,2,2.51,3.84,40,Aktif
NIM00630,5,3.52,2.34,100,Aktif
NIM00631,4,3.12,2.13,80,Aktif
NIM00632,3,2.6,2.89,60,Aktif
NIM00633,1,2.8,3.7,20,Aktif
NIM00634,4,3.38,2.15,80,Drop Out
NIM00635,6,3.81,2.71,120,Aktif
NIM00636,5,2.26,3.8,100,Aktif
NIM00637,3,3.14,2.24,60,Drop Out
NIM00638,3,2.51,2.62,60,Aktif
NIM00639,6,3.6,3.56,120,Aktif
NIM00640,5,2.14,3.09,100,Aktif
NIM00641,3,3.38,3.66,60,Aktif
NIM00642,5,2.35,2.22,100,Aktif
NIM00643,3,3.19,3.84,60,Aktif
NIM00644,2,3.67,3.87,40,Lulus
NIM00645,6,3.51,2.31,120,Aktif
NIM00646,5,3.51,2.07,100,Aktif
NIM00647,4,3.04,3.98,80,Cuti
NIM00648,8,3.78,2.96,160,Aktif
NIM00649,2,3.18,3.14,40,Aktif
NIM00650,7,3.84,3.23,140,Drop Out
NIM00651,4,3.09,3.58,80,Aktif
NIM00652,6,3.01,3.62,120,Lulus
NIM00653,3,2.44,2.39,60,Aktif
NIM00654,7,3.09,2.47,140,Cuti
NIM00655,4,2.28,3.75,80,Aktif
NIM00656,2,3.74,3.64,40,Aktif
NIM00657,7,3.35,3.24,140,Aktif
NIM00658,7,3.99,3.99,140,Lulus
NIM00659,5,2.18,3.47,100,Cuti
NIM00660,1,2.48,2.43,20,Aktif
NIM00661,4,3.75,3.69,80,Lulus
NIM00662,1,2.79,2.83,20,Aktif
NIM00663,6,2.93,2.07,120,Aktif
NIM00664,4,3.72,2.64,80,Aktif
NIM00665,4,3.04,3.53,80,Cuti
NIM00666,5,2.39,3.92,100,Drop Out
NIM00667,3,3.78,2.55,60,Aktif
NIM00668,2,2.06,2.49,40,Lulus
NIM00669,2,3.79,3.13,40,Aktif
NIM00670,2,2.1,3.62,40,Aktif
NIM00671,8,3.33,3.49,160,Aktif
NIM00672,6,2.14,3.12,120,Lulus
NIM00673,7,3.41,3.26,140,Aktif
NIM00674,3,2.07,2.48,60,Aktif
NIM00675,1,3.68,2.87,20,Aktif
NIM00676,2,2.93,2.51,40,Aktif
NIM00677,8,2.19,3.77,160,Aktif
NIM00678,1,3.41,2.23,20,Aktif
NIM00679,3,2.98,3.36,60,Lulus
NIM00680,6,2.38,2.52,120,Aktif
NIM00681,3,2.03,2.95,60,Aktif
NIM00682,5,2.84,2.6,100,Cuti
NIM00683,7,2.17,2.65,140,Aktif
NIM00684,2,2.19,2.52,40,Lulus
NIM00685,6,2.53,3.51,120,Aktif
NIM00686,5,3.26,2.73,100,Aktif
NIM00687,2,3.06,3.45,40,Aktif
NIM00688,3,2.14,2.91,60,Drop Out
NIM00689,3,3.94,3.09,60,Lulus
NIM00690,8,3.77,3.09,160,Aktif
NIM00691,4,2.52,3.95,80,Aktif
NIM00692,4,2.24,2.73,80,Aktif
NIM00693,3,3.88,2.42,60,Aktif
NIM00694,3,2.92,3.82,60,Aktif
NIM00695,1,2.62,2.35,20,Aktif
NIM00696,8,2.98,3.67,160,Aktif
NIM00697,7,3.55,2.3,140,Aktif
NIM00698,1,2.34,3.32,20,Cuti
NIM00699,7,3.53,2.3,140,Aktif
NIM00700,5,3.5,3.85,100,Aktif
NIM00701,4,3.08,3.13,80,Aktif
NIM00702,4,3.73,2.66,80,Aktif
NIM00703,8,2.26,2.28,160,Cuti
NIM00704,3,3.19,2.74,60,Aktif
NIM00705,3,2.9,3.41,60,Aktif
NIM00706,5,2.84,2.77,100,Aktif
NIM00707,6,2.51,2.49,120,Drop Out
NIM00708,6,2.74,3.15,120,Aktif
NIM00709,8,2.22,2.84,160,Aktif
NIM00710,6,2.5,2.33,120,Aktif
NIM00711,4,2.54,2.31,80,Aktif
NIM00712,1,3.44,3.41,20,Aktif
NIM00713,6,2.1,3.95,120,Aktif
NIM00714,2,3.3,2.47,40,Drop Out
NIM00715,8,2.44,3.55,160,Cuti
NIM00716,5,2.16,2.18,100,Aktif
NIM00717,6,2.6,2.76,120,Aktif
NIM00718,2,2.45,3.01,40,Aktif
NIM00719,6,3.1,2.54,120,Aktif
NIM00720,1,2.71,3.06,20,Aktif
NIM00721,1,3.93,3.77,20,Aktif
NIM00722,6,3.93,3.89,120,Aktif
NIM00723,8,2.89,2.2,160,Aktif
NIM00724,8,3.59,2.54,160,Aktif
NIM00725,2,2.03,3.96,40,Aktif
NIM00726,5,3.1,2.54,100,Aktif
NIM00727,2,3.49,3.39,40,Lulus
NIM00728,5,2.43,2.51,100,Aktif
NIM00729,6,2.12,2.71,120,Drop Out
NIM00730,5,2.31,2.38,100,Aktif
NIM00731,3,2.88,3.71,60,Drop Out
NIM00732,4,3.01,3.77,80,Aktif
NIM00733,7,2.76,2.59,140,Lulus
NIM00734,4,2.88,3.65,80,Aktif
NIM00735,1,2.94,2.72,20,Aktif
NIM00736,3,3.54,2.2,60,Aktif
NIM00737,4,2.21,3.52,80,Aktif
NIM00738,6,3.54,3.19,120,Aktif
NIM00739,5,3.38,2.55,100,Aktif
NIM00740,5,3.48,2.51,100,Aktif
NIM00741,2,3.47,3.95,40,Aktif
NIM00742,2,2.94,3.73,40,Aktif
NIM00743,8,2.42,3.62,160,Aktif
NIM00744,5,3.07,2.26,100,Aktif
NIM00745,8,3.92,3.51,160,Lulus
NIM00746,6,3.18,2.43,120,Lulus
NIM00747,5,2.02,3.95,100,Drop Out
NIM00748,2,2.12,2.1,40,Drop Out
NIM00749,4,3.99,2.7,80,Aktif
NIM00750,8,2.14,2.86,160,Lulus
NIM00751,8,2.09,3.65,160,Aktif
NIM00752,1,2.71,3.53,20,Aktif
NIM00753,2,3.94,2.75,40,Drop Out
NIM00754,6,2.64,3.13,120,Aktif
NIM00755,8,2.82,3.67,160,Aktif
NIM00756,4,3.27,2.04,80,Aktif
NIM00757,4,2.05,3.6,80,Aktif
NIM00758,4,3.8,3.89,80,Aktif
NIM00759,3,3.04,2.06,60,Aktif
NIM00760,3,2.93,2.09,60,Aktif
NIM00761,7,3.72,2.69,140,Aktif
NIM00762,4,3.91,2.18,80,Aktif
NIM00763,8,2.85,2.96,160,Aktif
NIM00764,6,2.34,3.46,120,Lulus
NIM00765,5,3.63,3.13,100,Aktif
NIM00766,6,2.81,2.39,120,Drop Out
NIM00767,3,3.87,3.31,60,Aktif
NIM00768,2,3.9,3.37,40,Aktif
NIM00769,8,2.23,3.86,160,Aktif
NIM00770,7,3.91,2.29,140,Aktif
NIM00771,3,2.74,3.38,60,Aktif
NIM00772,5,3.29,3.82,100,Aktif
NIM00773,1,2.07,3,20,Aktif
NIM00774,7,3.78,2.72,140,Aktif
NIM00775,3,3.28,2.34,60,Aktif
NIM00776,6,3.29,3.73,120,Lulus
NIM00777,7,3.8,2.79,140,Aktif
NIM00778,8,3.02,3.85,160,Cuti
NIM00779,6,2.82,3.7,120,Cuti
NIM00780,4,3.73,2.75,80,Aktif
NIM00781,4,3.48,3.15,80,Drop Out
NIM00782,4,3.9,2.05,80,Lulus
NIM00783,7,3.88,2.53,140,Aktif
NIM00784,1,2.76,3.42,20,Aktif
NIM00785,5,2.89,3.36,100,Aktif
NIM00786,8,2.51,2.71,160,Aktif
NIM00787,7,3.32,3.62,140,Aktif
NIM00788,2,2.73,2.47,40,Lulus
NIM00789,8,3.57,2.92,160,Cuti
NIM00790,6,2.24,2.95,120,Aktif
NIM00791,6,2.23,2.68,120,Aktif
NIM00792,7,2.41,3.91,140,Lulus
NIM00793,7,2.17,3.39,140,Aktif
NIM00794,5,3.24,3.08,100,Aktif
NIM00795,1,2.29,3.02,20,Aktif
NIM00796,7,2.32,2.32,140,Aktif
NIM00797,4,2.03,2.74,80,Aktif
NIM00798,5,3.56,3.35,100,Aktif
NIM00799,2,3.62,3.85,40,Aktif
NIM00800,4,2.32,3.63,80,Aktif
NIM00801,2,3.48,2.6,40,Aktif
NIM00802,3,2.87,2.87,60,Aktif
NIM00803,2,2.48,2.17,40,Cuti
NIM00804,4,3.24,2.2,80,Aktif
NIM00805,3,2.36,2.94,60,Aktif
NIM00806,4,3.51,3.06,80,Aktif
NIM00807,6,2.1,2.53,120,Aktif
NIM00808,4,3.92,3.29,80,Lulus
NIM00809,3,2.14,3.41,60,Aktif
NIM00810,2,3.16,2.6,40,Aktif
NIM00811,6,3.8,3.52,120,Cuti
NIM00812,1,2.02,2.41,20,Aktif
NIM00813,1,3,3.09,20,Aktif
NIM00814,8,2.7,3.61,160,Aktif
NIM00815,1,3.16,3.07,20,Cuti
NIM00816,1,2.45,3.82,20,Aktif
NIM00817,5,2.13,2.12,100,Drop Out
NIM00818,1,3.25,3.18,20,Aktif
NIM00819,3,2.83,3.12,60,Aktif
NIM00820,7,3.24,3.32,140,Lulus
NIM00821,1,2.42,3.67,20,Aktif
NIM00822,4,2.68,3.45,80,Drop Out
NIM00823,7,3.12,3.58,140,Drop Out
NIM00824,1,3.19,2.58,20,Lulus
NIM00825,7,2.74,2.77,140,Aktif
NIM00826,2,2.56,3.25,40,Aktif
NIM00827,3,2.55,3.11,60,Cuti
NIM00828,3,2.35,3.92,60,Aktif
NIM00829,8,2.65,2.37,160,Aktif
NIM00830,7,2.4,2.7,140,Aktif
NIM00831,8,3.27,3.15,160,Aktif
NIM00832,6,3.14,3.74,120,Aktif
NIM00833,5,2.77,3.86,100,Aktif
NIM00834,4,2.65,2.67,80,Aktif
NIM00835,7,2.48,2.13,140,Aktif
NIM00836,3,3.07,2.84,60,Aktif
NIM00837,8,3.84,2.79,160,Cuti
NIM00838,2,3.37,3.97,40,Cuti
NIM00839,1,3.49,2.86,20,Aktif
NIM00840,3,3.67,2.61,60,Aktif
NIM00841,2,2.7,2.73,40,Aktif
NIM00842,1,2.13,2.79,20,Aktif
NIM00843,5,3.25,3.64,100,Drop Out
NIM00844,3,2.38,2.16,60,Cuti
NIM00845,8,3.14,2.63,160,Drop Out
NIM00846,3,3.48,3.93,60,Aktif
NIM00847,7,3.57,2.31,140,Aktif
NIM00848,7,2.6,3.49,140,Aktif
NIM00849,2,3.02,2.71,40,Aktif
NIM00850,8,3.24,3.16,160,Aktif
NIM00851,6,3.64,2.2,120,Aktif
NIM00852,7,3.52,2.61,140,Aktif
NIM00853,4,3.98,3,80,Aktif
NIM00854,5,2.02,2.46,100,Aktif
NIM00855,4,2.87,3.08,80,Aktif
NIM00856,3,2.51,2.44,60,Lulus
NIM00857,4,2.24,3.3,80,Aktif
NIM00858,1,3.82,3.81,20,Aktif
NIM00859,5,4,2.17,100,Aktif
NIM00860,4,2.36,2.43,80,Lulus
NIM00861,1,2.08,3.69,20,Aktif
NIM00862,2,2.55,3.26,40,Drop Out
NIM00863,4,3.67,2.16,80,Aktif
NIM00864,5,2.59,2.97,100,Drop Out
NIM00865,1,2.11,2.42,20,Aktif
NIM00866,4,2.1,2.4,80,Aktif
NIM00867,2,2.85,3.88,40,Aktif
NIM00868,4,3.86,3.52,80,Aktif
NIM00869,1,2.57,3.39,20,Drop Out
NIM00870,4,2.85,2.48,80,Aktif
NIM00871,5,2.2,2.24,100,Aktif
NIM00872,3,2.99,3.74,60,Lulus
NIM00873,8,3.39,2.01,160,Aktif
NIM00874,8,2.54,2.78,160,Lulus
NIM00875,1,2.59,2.56,20,Aktif
NIM00876,1,3.68,3.14,20,Lulus
NIM00877,1,2.02,2.5,20,Aktif
NIM00878,1,3.27,2.62,20,Aktif
NIM00879,4,2.79,3.7,80,Aktif
NIM00880,5,2.6,3.21,100,Aktif
NIM00881,8,3.32,2.29,160,Aktif
NIM00882,2,3.67,3.45,40,Aktif
NIM00883,8,3.12,2.41,160,Lulus
NIM00884,5,2.06,2.87,100,Lulus
NIM00885,1,2.92,3.29,20,Lulus
NIM00886,6,2.93,2.54,120,Lulus
NIM00887,4,3.09,2.77,80,Cuti
NIM00888,6,3.34,3.47,120,Lulus
NIM00889,4,2.04,3.88,80,Drop Out
NIM00890,1,3,3.06,20,Aktif
NIM00891,4,3.18,2.02,80,Cuti
NIM00892,1,2.69,2.68,20,Lulus
NIM00893,5,3.34,2.8,100,Cuti
NIM00894,7,2.46,2.68,140,Aktif
NIM00895,3,2.63,2.87,60,Aktif
NIM00896,4,3.93,3.27,80,Drop Out
NIM00897,1,2.7,2.24,20,Lulus
NIM00898,6,2.69,2.55,120,Aktif
NIM00899,1,3.19,3.02,20,Aktif
NIM00900,6,3.94,2.63,120,Aktif
NIM00901,8,3.97,3.98,160,Aktif
NIM00902,4,3.16,2.86,80,Aktif
NIM00903,2,2,3.74,40,Aktif
NIM00904,6,3.8,3.79,120,Lulus
NIM00905,1,3.14,3.67,20,Aktif
NIM00906,4,2.73,2.09,80,Aktif
NIM00907,1,3.66,3.9,20,Lulus
NIM00908,2,2.8,2.26,40,Aktif
NIM00909,3,2.07,2.07,60,Aktif
NIM00910,7,3.64,2.83,140,Aktif
NIM00911,7,3.09,2.39,140,Aktif
NIM00912,2,2.68,2.37,40,Drop Out
NIM00913,5,2.5,2.58,100,Lulus
NIM00914,4,3.19,2.5,80,Aktif
NIM00915,2,2.42,3.37,40,Aktif
NIM00916,3,2.65,2.37,60,Aktif
NIM00917,1,3.27,3.09,20,Cuti
NIM00918,4,3.76,3.97,80,Cuti
NIM00919,8,3.07,2.86,160,Aktif
NIM00920,6,3.52,3.28,120,Aktif
NIM00921,2,3.53,3.94,40,Lulus
NIM00922,8,3.33,2.28,160,Lulus
NIM00923,8,2.49,2.84,160,Aktif
NIM00924,3,3.73,3.7,60,Cuti
NIM00925,8,2.87,3.86,160,Aktif
NIM00926,2,2.09,3.2,40,Aktif
NIM00927,5,2.49,2.29,100,Aktif
NIM00928,7,3.53,3.8,140,Aktif
NIM00929,7,2.14,2.35,140,Aktif
NIM00930,4,2.29,2.71,80,Aktif
NIM00931,1,3.39,2.75,20,Aktif
NIM00932,3,3.79,2.89,60,Aktif
NIM00933,2,3.27,3.58,40,Aktif
NIM00934,4,2.44,3.6,80,Aktif
NIM00935,2,2.11,3.44,40,Cuti
NIM00936,4,3.23,2.04,80,Aktif
NIM00937,7,2.09,3.13,140,Aktif
NIM00938,8,3.23,3.49,160,Lulus
NIM00939,5,2.45,2.89,100,Aktif
NIM00940,2,3.81,3.89,40,Aktif
NIM00941,5,2.95,3.65,100,Aktif
NIM00942,6,2.45,3.28,120,Drop Out
NIM00943,6,3.71,2.12,120,Drop Out
NIM00944,8,2.51,3.3,160,Aktif
NIM00945,7,2.61,3.82,140,Aktif
NIM00946,3,3.67,2.76,60,Aktif
NIM00947,5,2.62,3.68,100,Lulus
NIM00948,4,2.82,2.63,80,Aktif
NIM00949,3,2.7,3.14,60,Drop Out
NIM00950,2,2.23,3.3,40,Aktif
NIM00951,2,2.08,3.36,40,Aktif
NIM00952,4,3.45,3.77,80,Lulus
NIM00953,1,3.29,2.47,20,Drop Out
NIM00954,8,2.56,2.52,160,Aktif
NIM00955,1,2.59,3.41,20,Aktif
NIM00956,8,3.89,2.35,160,Aktif
NIM00957,2,3.98,2.93,40,Aktif
NIM00958,8,2.95,2.04,160,Aktif
NIM00959,7,3.6,2.28,140,Aktif
NIM00960,7,3.47,3.36,140,Aktif
NIM00961,4,2.59,3.49,80,Aktif
NIM00962,1,2.12,2.23,20,Aktif
NIM00963,5,2.29,2.46,100,Aktif
NIM00964,2,3.68,2.2,40,Aktif
NIM00965,6,3.46,2.87,120,Cuti
NIM00966,5,3.33,2.25,100,Aktif
NIM00967,4,2.26,2.87,80,Aktif
NIM00968,6,3.28,3.46,120,Aktif
NIM00969,5,3.54,3.37,100,Aktif
NIM00970,1,3.72,2.56,20,Aktif
NIM00971,8,2.03,3.35,160,Aktif
NIM00972,7,3.37,3.86,140,Aktif
NIM00973,1,2.04,2.7,20,Drop Out
NIM00974,6,3.41,2.66,120,Lulus
NIM00975,8,3.27,3.14,160,Aktif
NIM00976,8,2.3,2.49,160,Aktif
NIM00977,8,3.53,3.3,160,Aktif
NIM00978,3,2.14,3.66,60,Aktif
NIM00979,7,3.65,2.92,140,Aktif
NIM00980,2,2.52,3.36,40,Aktif
NIM00981,6,3.38,3.3,120,Aktif
NIM00982,4,3.85,2.08,80,Lulus
NIM00983,2,2.68,2.37,40,Aktif
NIM00984,5,3.01,3.79,100,Aktif
NIM00985,7,2.93,3.88,140,Cuti
NIM00986,4,2.32,3.56,80,Aktif
NIM00987,4,3.18,3.84,80,Aktif
NIM00988,1,3.49,2.61,20,Aktif
NIM00989,5,3.83,2.5,100,Aktif
NIM00990,1,3.7,2.77,20,Aktif
NIM00991,1,3.02,2.11,20,Aktif
NIM00992,8,3.44,3.62,160,Aktif
NIM00993,7,3.6,3.97,140,Aktif
NIM00994,3,2.99,3.65,60,Lulus
NIM00995,1,2.23,3.11,20,Aktif
NIM00996,2,2.88,2.59,40,Aktif
NIM00997,4,3.68,2.4,80,Lulus
NIM00998,7,3.19,2.73,140,Aktif
NIM00999,1,3.45,3.33,20,Aktif
NIM01000,6,2.37,2.89,120,Aktif
NIM01001,2,3.93,3.87,40,Aktif
NIM01002,5,2.81,3.71,100,Aktif
NIM01003,4,3.31,2.2,80,Aktif
NIM01004,7,2.04,2.26,140,Lulus
NIM01005,6,2.25,3.35,120,Aktif
NIM01006,7,3.56,2.46,140,Aktif
NIM01007,7,3.94,3.58,140,Aktif
NIM01008,6,2.64,3.18,120,Aktif
NIM01009,5,2.07,2.46,100,Aktif
NIM01010,6,2.72,2.96,120,Aktif
NIM01011,2,2.03,2.81,40,Aktif
NIM01012,8,2.38,3.75,160,Aktif
NIM01013,7,3.5,2.06,140,Lulus
NIM01014,5,3.87,3.79,100,Drop Out
NIM01015,7,2.17,3.3,140,Aktif
NIM01016,6,3.12,3.48,120,Cuti
NIM01017,5,2.51,2.01,100,Aktif
NIM01018,5,2.28,3.26,100,Cuti
NIM01019,1,2.44,3.18,20,Aktif
NIM01020,1,3.16,3.07,20,Aktif
NIM01021,8,2.13,3.57,160,Cuti
NIM01022,1,2.87,3.11,20,Aktif
NIM01023,6,2.27,3.71,120,Drop Out
NIM01024,4,2.55,2.47,80,Aktif
NIM01025,2,2.38,3.61,40,Aktif
NIM01026,6,3.77,2.36,120,Aktif
NIM01027,7,3.42,3.63,140,Lulus
NIM01028,1,3.74,3.88,20,Aktif
NIM01029,5,2.77,2.67,100,Aktif
NIM01030,6,2.63,3.06,120,Cuti
NIM01031,5,2.76,3.32,100,Lulus
NIM01032,8,2.04,2.16,160,Cuti
NIM01033,7,3.45,2.99,140,Aktif
NIM01034,5,2.7,2.72,100,Lulus
NIM01035,5,2.63,3.74,100,Drop Out
NIM01036,8,3.2,3.75,160,Cuti
NIM01037,3,2.87,3.4,60,Aktif
NIM01038,4,3.96,3.31,80,Aktif
NIM01039,2,2.71,3.47,40,Aktif
NIM01040,2,3.23,2.73,40,Aktif
NIM01041,1,2.62,2.81,20,Aktif
NIM01042,3,3.98,3.11,60,Aktif
NIM01043,6,2.89,3.88,120,Aktif
NIM01044,8,3.27,3.45,160,Aktif
NIM01045,6,2.25,3.1,120,Aktif
NIM01046,2,3.47,3.54,40,Aktif
NIM01047,4,2.54,2.74,80,Cuti
NIM01048,5,2.9,3.46,100,Aktif
NIM01049,7,3.77,2.82,140,Aktif
NIM01050,1,3.94,2.56,20,Aktif
NIM01051,4,2.85,3.22,80,Aktif
NIM01052,2,3.67,3.37,40,Cuti
NIM01053,3,2.11,2.92,60,Aktif
NIM01054,1,3.7,3.13,20,Aktif
NIM01055,8,3.26,3.39,160,Aktif
NIM01056,2,2.98,3.54,40,Drop Out
NIM01057,6,3.78,3.79,120,Aktif
NIM01058,1,3.69,2.71,20,Aktif
NIM01059,8,2.59,3.9,160,Aktif
NIM01060,2,3.58,3.27,40,Aktif
NIM01061,6,2.2,3.58,120,Aktif
NIM01062,7,3.65,3.4,140,Aktif
NIM01063,6,3.35,2.41,120,Aktif
NIM01064,5,2.18,2.14,100,Aktif
NIM01065,8,3.37,3.45,160,Aktif
NIM01066,8,3.16,3.02,160,Aktif
NIM01067,3,3.19,3.4,60,Aktif
NIM01068,8,2.58,2.95,160,Aktif
NIM01069,5,2.53,2.62,100,Aktif
NIM01070,2,3.53,2.57,40,Cuti
NIM01071,7,2.51,3.46,140,Aktif
NIM01072,4,2.89,2.55,80,Aktif
NIM01073,7,3.39,3.43,140,Aktif
NIM01074,7,2.16,2.77,140,Aktif
NIM01075,8,3.19,3.54,160,Aktif
NIM01076,7,3.18,2.29,140,Aktif
NIM01077,8,3.37,2.41,160,Aktif
NIM01078,5,2.74,3.37,100,Lulus
NIM01079,4,2.9,3.12,80,Aktif
NIM01080,6,2.66,2.41,120,Aktif
NIM01081,8,3.62,3.81,160,Drop Out
NIM01082,2,2.26,2.55,40,Aktif
NIM01083,3,3.93,2.84,60,Drop Out
NIM01084,4,3.27,2.4,80,Aktif
NIM01085,2,3.77,2.78,40,Aktif
NIM01086,8,2.85,2.98,160,Aktif
NIM01087,4,2.66,2.59,80,Lulus
NIM01088,8,3.8,3.54,160,Drop Out
NIM01089,5,2.2,2.79,100,Aktif
NIM01090,2,2.23,3.46,40,Aktif
NIM01091,5,2.6,2.41,100,Aktif
NIM01092,1,3.92,2.75,20,Aktif
NIM01093,2,3.27,2.02,40,Drop Out
NIM01094,4,3.11,3.52,80,Aktif
NIM01095,1,3.41,3.25,20,Aktif
NIM01096,5,2.83,3.64,100,Lulus
NIM01097,5,3.52,2.91,100,Lulus
NIM01098,4,2.79,3.6,80,Aktif
NIM01099,1,3.65,3.3,20,Aktif
NIM01100,7,2.53,2.01,140,Lulus
NIM01101,6,2.56,2.51,120,Aktif
NIM01102,3,3.04,2.99,60,Aktif
NIM01103,4,2.86,3.24,80,Aktif
NIM01104,5,3.3,2.13,100,Drop Out
NIM01105,2,2.73,3.41,40,Aktif
NIM01106,1,2.46,3.09,20,Aktif
NIM01107,8,2.94,3.05,160,Aktif
NIM01108,6,3.12,2.58,120,Lulus
NIM01109,3,2.29,3.19,60,Cuti
NIM01110,2,3.11,2.05,40,Cuti
NIM01111,1,2.64,2.13,20,Aktif
NIM01112,6,2.78,3.47,120,Lulus
NIM01113,4,2.56,2.64,80,Cuti
NIM01114,8,3.86,2.69,160,Cuti
NIM01115,6,3.37,2.42,120,Lulus
NIM01116,4,2.52,2.89,80,Aktif
NIM01117,8,3.29,2.1,160,Aktif
NIM01118,8,3.7,2.6,160,Lulus
NIM01119,7,2.8,3.05,140,Cuti
NIM01120,1,3.66,2.93,20,Aktif
NIM01121,8,2.31,4,160,Aktif
NIM01122,6,3.65,2.78,120,Aktif
NIM01123,8,3.08,2.77,160,Aktif
NIM01124,3,2.45,3.01,60,Aktif
NIM01125,6,2.81,2.38,120,Drop Out
NIM01126,1,3.98,3.75,20,Aktif
NIM01127,2,3.57,3.14,40,Aktif
NIM01128,2,3.15,2.38,40,Aktif
NIM01129,6,2.23,3.59,120,Aktif
NIM01130,6,2.84,2.07,120,Aktif
NIM01131,4,2.53,3.97,80,Aktif
NIM01132,1,2.14,3.73,20,Aktif
NIM01133,4,3.08,3.16,80,Aktif
NIM01134,3,3.78,2.22,60,Aktif
NIM01135,7,3.35,2.43,140,Aktif
NIM01136,2,2.5,2.56,40,Aktif
NIM01137,8,3.15,2.48,160,Aktif
NIM01138,8,3.89,3,160,Lulus
NIM01139,5,3.45,3.89,100,Aktif
NIM01140,5,3.38,2.89,100,Cuti
NIM01141,1,3.94,3.32,20,Aktif
NIM01142,8,3.6,3.38,160,Cuti
NIM01143,1,2.27,3.74,20,Aktif
NIM01144,5,2.7,2.07,100,Aktif
NIM01145,1,3.93,2.81,20,Aktif
NIM01146,2,2.98,3.57,40,Aktif
NIM01147,3,2.22,3.63,60,Aktif
NIM01148,3,2.92,3.85,60,Aktif
NIM01149,8,3.39,3.41,160,Drop Out
NIM01150,4,4,2.49,80,Aktif
NIM01151,2,2.65,3.01,40,Aktif
NIM01152,7,3.03,2.06,140,Aktif
NIM01153,1,3.76,3.29,20,Drop Out
NIM01154,1,2.71,3.11,20,Aktif
NIM01155,8,2.22,3.33,160,Aktif
NIM01156,7,3.9,3.86,140,Aktif
NIM01157,4,2.98,3.37,80,Aktif
NIM01158,4,3.01,2.64,80,Cuti
NIM01159,1,3.24,2.4,20,Drop Out
NIM01160,1,2.01,3.71,20,Aktif
NIM01161,7,3.86,2.39,140,Aktif
NIM01162,8,2.72,2.32,160,Aktif
NIM01163,2,2.79,2.41,40,Aktif
NIM01164,7,2.35,3.02,140,Aktif
NIM01165,4,2.76,2.25,80,Aktif
NIM01166,7,3.61,3.88,140,Aktif
NIM01167,7,3.6,3.93,140,Drop Out
NIM01168,7,3.87,3.95,140,Aktif
NIM01169,2,2.81,2.08,40,Lulus
NIM01170,6,3.42,3.89,120,Drop Out
NIM01171,1,3.01,3.99,20,Cuti
NIM01172,5,3.61,3.88,100,Aktif
NIM01173,8,3.43,3.34,160,Lulus
NIM01174,7,2.74,3.4,140,Cuti
NIM01175,8,2.67,2.24,160,Aktif
NIM01176,5,2.5,3.75,100,Aktif
NIM01177,6,3.15,2.12,120,Aktif
NIM01178,1,3.93,2.64,20,Lulus
NIM01179,4,2.4,3.98,80,Drop Out
NIM01180,5,2.19,2.84,100,Lulus
NIM01181,8,2.24,2.26,160,Cuti
NIM01182,8,3.57,3.94,160,Aktif
NIM01183,8,2.7,3.97,160,Aktif
NIM01184,4,2.45,2.37,80,Aktif
NIM01185,5,2.71,3.73,100,Aktif
NIM01186,8,3.29,2.78,160,Aktif
NIM01187,4,3.09,2.76,80,Lulus
NIM01188,7,3.49,2.53,140,Lulus
NIM01189,8,2.68,2.09,160,Aktif
NIM01190,5,2.9,2.54,100,Aktif
NIM01191,4,2.2,2.11,80,Aktif
NIM01192,6,2.15,3.85,120,Aktif
NIM01193,2,2.92,3.32,40,Aktif
NIM01194,4,2.6,3.77,80,Aktif
NIM01195,2,3.23,3.43,40,Lulus
NIM01196,2,2.09,2.26,40,Cuti
NIM01197,1,2.24,3.88,20,Cuti
NIM01198,7,3.73,3.8,140,Aktif
NIM01199,6,3.13,2.7,120,Aktif
NIM01200,2,3.42,2.22,40,Aktif
NIM01201,3,3.68,3.41,60,Cuti
NIM01202,7,2.93,3.46,140,Lulus
NIM01203,2,3.52,3.79,40,Aktif
NIM01204,4,3.05,2.11,80,Cuti
NIM01205,2,2.45,2.28,40,Aktif
NIM01206,4,2.68,3.2,80,Aktif
NIM01207,8,2.98,3.24,160,Cuti
NIM01208,4,2.63,2.07,80,Cuti
NIM01209,3,2.67,2.79,60,Aktif
NIM01210,2,2.67,3.17,40,Aktif
NIM01211,2,2.25,3.48,40,Aktif
NIM01212,5,2.17,2.63,100,Aktif
NIM01213,7,2.09,2.97,140,Lulus
NIM01214,5,2.22,3.63,100,Aktif
NIM01215,1,2.69,3.91,20,Aktif
NIM01216,4,3.19,2.46,80,Aktif
NIM01217,3,2.38,2.51,60,Lulus
NIM01218,5,3.78,3.88,100,Cuti
NIM01219,2,3.62,2.79,40,Cuti
NIM01220,1,3.04,3.44,20,Aktif
NIM01221,3,3.45,3.22,60,Drop Out
NIM01222,6,2.73,2.57,120,Aktif
NIM01223,2,2.07,3.31,40,Aktif
NIM01224,2,3.81,3.31,40,Lulus
NIM01225,8,2.26,3.18,160,Aktif
NIM01226,6,3.9,2.2,120,Aktif
NIM01227,4,3.14,3.99,80,Aktif
NIM01228,4,2.61,2.8,80,Aktif
NIM01229,5,2.99,3.28,100,Aktif
NIM01230,5,3,3.77,100,Lulus
NIM01231,2,2.05,2.85,40,Aktif
NIM01232,7,2.71,3.55,140,Aktif
NIM01233,2,3.48,3.94,40,Drop Out
NIM01234,5,3.02,2.72,100,Lulus
NIM01235,6,2.49,2.81,120,Aktif
NIM01236,5,2.67,3.81,100,Aktif
NIM01237,2,3.73,2.32,40,Aktif
NIM01238,3,3.05,2.06,60,Aktif
NIM01239,2,3.06,3.82,40,Aktif
NIM01240,3,3.92,3.64,60,Aktif
NIM01241,3,2.64,3.95,60,Aktif
NIM01242,2,2.96,2.12,40,Aktif
NIM01243,7,3.62,2.31,140,Aktif
NIM01244,7,3.52,2.21,140,Aktif
NIM01245,1,2.53,3.37,20,Aktif
NIM01246,5,2.3,3.21,100,Aktif
NIM01247,7,3.4,2.72,140,Aktif
NIM01248,4,2.52,2.11,80,Aktif
NIM01249,2,3.85,3.28,40,Aktif
NIM01250,3,2.26,3.14,60,Drop Out
NIM01251,2,2.64,2.23,40,Aktif
NIM01252,5,2.11,3.82,100,Aktif
NIM01253,6,3.41,2.4,120,Aktif
NIM01254,7,3.78,3.49,140,Aktif
NIM01255,7,3.27,3.77,140,Cuti
NIM01256,7,3.88,3.16,140,Aktif
NIM01257,3,2.26,2.49,60,Aktif
NIM01258,4,2.18,2.62,80,Aktif
NIM01259,8,3.68,3.77,160,Lulus
NIM01260,4,3.71,2.6,80,Cuti
NIM01261,7,3.66,3.49,140,Aktif
NIM01262,4,3.6,3.98,80,Aktif
NIM01263,6,2.72,4,120,Lulus
NIM01264,7,2.43,3.07,140,Lulus
NIM01265,1,3.86,3.65,20,Aktif
NIM01266,3,2.61,3.98,60,Aktif
NIM01267,6,2.8,2.75,120,Aktif
NIM01268,8,3.4,2.5,160,Aktif
NIM01269,3,2.59,2.23,60,Aktif
NIM01270,8,3.64,2.28,160,Aktif
NIM01271,7,2.14,3.71,140,Lulus
NIM01272,6,3.58,3.18,120,Aktif
NIM01273,7,3.2,3.75,140,Drop Out
NIM01274,8,3.15,3.58,160,Aktif
NIM01275,8,2.92,3.35,160,Cuti
NIM01276,6,2.55,3.22,120,Aktif
NIM01277,7,2.93,2.1,140,Aktif
NIM01278,1,2.9,3.74,20,Aktif
NIM01279,3,3.17,2.84,60,Aktif
NIM01280,6,2.56,3.12,120,Drop Out
NIM01281,1,2.16,2.04,20,Aktif
NIM01282,2,2.29,3.87,40,Aktif
NIM01283,7,3.4,3.81,140,Aktif
NIM01284,5,2.04,3.09,100,Drop Out
NIM01285,6,3.71,3.15,120,Aktif
NIM01286,4,3.39,3.41,80,Aktif
NIM01287,1,3.54,2.53,20,Aktif
NIM01288,1,3.67,2.44,20,Aktif
NIM01289,6,2.25,3.35,120,Drop Out
NIM01290,8,3.64,2.21,160,Aktif
NIM01291,1,3.01,2.91,20,Aktif
NIM01292,2,3.77,2.99,40,Aktif
NIM01293,1,3.77,2.76,20,Aktif
NIM01294,5,2.05,2.37,100,Aktif
NIM01295,5,2.77,2.71,100,Aktif
NIM01296,8,3.05,2.68,160,Aktif
NIM01297,7,3.36,3,140,Aktif
NIM01298,7,2.57,3.35,140,Aktif
NIM01299,8,2.5,3.94,160,Aktif
NIM01300,4,2.76,2.29,80,Aktif
NIM01301,2,3,3.75,40,Cuti
NIM01302,5,3.9,2.57,100,Drop Out
NIM01303,8,3.52,3.18,160,Aktif
NIM01304,6,2.86,3.09,120,Aktif
NIM01305,3,2.11,3.11,60,Aktif
NIM01306,3,2.34,3.45,60,Lulus
NIM01307,3,2.91,2.76,60,Drop Out
NIM01308,7,3.63,2.64,140,Aktif
NIM01309,6,2.76,3.71,120,Aktif
NIM01310,1,3.08,2.44,20,Aktif
NIM01311,6,3.78,2.36,120,Aktif
NIM01312,1,3.83,2.03,20,Cuti
NIM01313,3,2.43,2.42,60,Aktif
NIM01314,4,2.09,3.04,80,Drop Out
NIM01315,4,2.61,3.08,80,Aktif
NIM01316,8,3.39,2.51,160,Aktif
NIM01317,1,3.9,2.14,20,Aktif
NIM01318,3,2.15,3.49,60,Aktif
NIM01319,6,2.06,3.52,120,Lulus
NIM01320,4,3.77,4,80,Aktif
NIM01321,1,3.5,3.8,20,Aktif
NIM01322,8,3.98,3.85,160,Aktif
NIM01323,6,2.79,3.6,120,Aktif
NIM01324,3,2.83,3.23,60,Aktif
NIM01325,2,2.34,2.26,40,Lulus
NIM01326,3,2.23,3.24,60,Aktif
NIM01327,7,3.16,2.11,140,Aktif
NIM01328,3,2.73,3.77,60,Drop Out
NIM01329,8,2.16,2.96,160,Aktif
NIM01330,6,3.77,3.39,120,Aktif
NIM01331,8,2.4,2.1,160,Aktif
NIM01332,6,3.5,3.07,120,Aktif
NIM01333,5,2.56,2.6,100,Lulus
NIM01334,5,3.63,2.57,100,Aktif
NIM01335,6,2.24,2.78,120,Aktif
NIM01336,6,3.51,2,120,Aktif
NIM01337,2,2.2,2.93,40,Aktif
NIM01338,2,2.89,2.97,40,Aktif
NIM01339,3,3.47,3.73,60,Aktif
NIM01340,8,2.35,2.9,160,Cuti
NIM01341,7,2.57,2.73,140,Aktif
NIM01342,8,3.73,3.99,160,Aktif
NIM01343,4,3.77,3.14,80,Aktif
NIM01344,8,2.09,2.95,160,Aktif
NIM01345,7,2.34,2.99,140,Aktif
NIM01346,2,2.23,3.62,40,Aktif
NIM01347,3,2.36,2.68,60,Aktif
NIM01348,7,3.94,2.78,140,Aktif
NIM01349,8,3.1,3.51,160,Aktif
NIM01350,1,2.94,2.15,20,Aktif
NIM01351,5,3.97,3.73,100,Aktif
NIM01352,7,3.11,2.86,140,Lulus
NIM01353,4,3.32,3.16,80,Aktif
NIM01354,3,2.67,3.51,60,Lulus
NIM01355,7,2.76,2.53,140,Aktif
NIM01356,6,3.19,3.78,120,Lulus
NIM01357,8,2.14,3.96,160,Aktif
NIM01358,1,2.51,2.99,20,Aktif
NIM01359,5,2.39,3.87,100,Lulus
NIM01360,1,2.03,2,20,Aktif
NIM01361,3,3.07,3.79,60,Aktif
NIM01362,8,3.12,2.62,160,Cuti
NIM01363,2,2.77,2.62,40,Aktif
NIM01364,5,2.54,2.46,100,Aktif
NIM01365,8,3.3,2.63,160,Aktif
NIM01366,1,2.27,2.43,20,Aktif
NIM01367,2,3.04,3.81,40,Aktif
NIM01368,4,3.54,3.8,80,Lulus
NIM01369,3,2.33,2.2,60,Aktif
NIM01370,3,3.51,2.29,60,Cuti
NIM01371,5,3.52,3.72,100,Aktif
NIM01372,1,2.12,2.8,20,Drop Out
NIM01373,4,2.04,2.34,80,Aktif
NIM01374,6,3.95,3.02,120,Drop Out
NIM01375,5,2.39,2.83,100,Aktif
NIM01376,8,3.64,2.44,160,Cuti
NIM01377,6,3.12,3.44,120,Aktif
NIM01378,5,2.53,3.26,100,Aktif
NIM01379,1,2.26,2.2,20,Aktif
NIM01380,4,2.99,3.85,80,Aktif
NIM01381,1,2.81,3.12,20,Aktif
NIM01382,3,3.4,2.5,60,Aktif
NIM01383,6,3.81,2.41,120,Aktif
NIM01384,2,3.61,2.27,40,Aktif
NIM01385,7,2.55,2.85,140,Aktif
NIM01386,8,3.76,2.27,160,Aktif
NIM01387,3,3.67,2.83,60,Cuti
NIM01388,3,3.86,2.3,60,Lulus
NIM01389,6,2.92,3.31,120,Aktif
NIM01390,8,3.54,3.57,160,Aktif
NIM01391,5,3.18,3.1,100,Aktif
NIM01392,3,2.62,3.36,60,Cuti
NIM01393,7,3.99,3.88,140,Aktif
NIM01394,4,2.08,3.28,80,Aktif
NIM01395,3,2.32,2.73,60,Aktif
NIM01396,4,3.79,2.9,80,Drop Out
NIM01397,1,2.12,3.72,20,Aktif
NIM01398,8,3.77,2.26,160,Aktif
NIM01399,5,3.43,2.65,100,Aktif
NIM01400,4,2.07,3.15,80,Aktif
NIM01401,3,2.86,3.35,60,Aktif
NIM01402,5,3.51,3.53,100,Aktif
NIM01403,7,3.17,2.64,140,Lulus
NIM01404,5,3.87,2.29,100,Aktif
NIM01405,4,3.74,3.91,80,Lulus
NIM01406,8,2.67,2.15,160,Aktif
NIM01407,4,2.17,2.19,80,Aktif
NIM01408,2,3.89,2.99,40,Drop Out
NIM01409,2,3.03,3.64,40,Aktif
NIM01410,5,2.15,3.55,100,Aktif
NIM01411,6,3.63,3.88,120,Drop Out
NIM01412,8,3.74,2.28,160,Aktif
NIM01413,6,3.28,2.75,120,Aktif
NIM01414,2,2.9,2.56,40,Drop Out
NIM01415,3,3.32,3.72,60,Aktif
NIM01416,1,3.41,2.98,20,Aktif
NIM01417,5,3.79,2.05,100,Cuti
NIM01418,1,3.91,3.42,20,Aktif
NIM01419,2,3.03,2.78,40,Aktif
NIM01420,4,3.6,3.06,80,Cuti
NIM01421,7,3.93,3.79,140,Aktif
NIM01422,5,2.3,2.51,100,Cuti
NIM01423,2,2.04,2.48,40,Lulus
NIM01424,8,3.74,2.53,160,Aktif
NIM01425,3,2.39,2.68,60,Aktif
NIM01426,7,2.08,2.21,140,Aktif
NIM01427,5,2.32,3.39,100,Aktif
NIM01428,5,2.77,2.41,100,Lulus
NIM01429,8,2.44,3.85,160,Aktif
NIM01430,6,2.61,2.43,120,Aktif
NIM01431,4,3.95,2.51,80,Aktif
NIM01432,5,3.41,2.59,100,Cuti
NIM01433,4,3.42,3.54,80,Aktif
NIM01434,2,2.19,2.86,40,Cuti
NIM01435,3,3.46,3.64,60,Aktif
NIM01436,7,3.48,3.57,140,Cuti
NIM01437,7,3.32,3.86,140,Aktif
NIM01438,3,2.46,3.51,60,Aktif
NIM01439,5,2.85,2.1,100,Drop Out
NIM01440,5,3.69,3.67,100,Aktif
NIM01441,2,3.34,3.88,40,Aktif
NIM01442,6,3.47,3.99,120,Lulus
NIM01443,6,3.17,2.25,120,Aktif
NIM01444,6,2.9,3.23,120,Aktif
NIM01445,4,3.52,2.4,80,Aktif
NIM01446,6,2.14,2.53,120,Drop Out
NIM01447,3,3.35,3.49,60,Aktif
NIM01448,7,3.99,3.96,140,Aktif
NIM01449,7,3.56,3.19,140,Aktif
NIM01450,4,2.58,3.7,80,Aktif
NIM01451,2,2.56,2.02,40,Drop Out
NIM01452,3,3.33,2.07,60,Aktif
NIM01453,7,3.79,3.19,140,Aktif
NIM01454,3,3.16,2.78,60,Aktif
NIM01455,7,3.05,3.78,140,Aktif
NIM01456,1,2.32,2.6,20,Lulus
NIM01457,2,3.43,2.86,40,Aktif
NIM01458,2,3.4,3.06,40,Aktif
NIM01459,8,3.93,2.55,160,Aktif
NIM01460,1,2.6,3.82,20,Cuti
NIM01461,4,3.51,2.93,80,Aktif
NIM01462,7,2.87,2.85,140,Aktif
NIM01463,8,3.12,3.7,160,Drop Out
NIM01464,7,3.63,2.62,140,Cuti
NIM01465,7,2.44,3.63,140,Cuti
NIM01466,6,2.69,2.24,120,Aktif
NIM01467,6,3.55,2.37,120,Lulus
NIM01468,6,3.14,3.9,120,Aktif
NIM01469,6,2.18,3.68,120,Aktif
NIM01470,6,2.86,2.78,120,Aktif
NIM01471,1,3.17,3.28,20,Aktif
NIM01472,2,3.82,3.89,40,Drop Out
NIM01473,4,2.38,2.42,80,Aktif
NIM01474,3,3.61,2.12,60,Drop Out
NIM01475,6,2.26,3.07,120,Drop Out
NIM01476,1,2.48,2.29,20,Aktif
NIM01477,8,2.49,2.37,160,Cuti
NIM01478,8,3.75,3.78,160,Aktif
NIM01479,7,2.4,2.01,140,Aktif
NIM01480,4,3.57,3.63,80,Drop Out
NIM01481,8,2.92,3.03,160,Aktif
NIM01482,4,4,3.12,80,Aktif
NIM01483,4,3.68,3.34,80,Aktif
NIM01484,1,3.48,2.86,20,Drop Out
NIM01485,3,3.74,2.23,60,Aktif
NIM01486,6,3.27,2.21,120,Aktif
NIM01487,4,3.69,3.51,80,Aktif
NIM01488,1,2.52,2.44,20,Cuti
NIM01489,7,2.2,2.06,140,Aktif
NIM01490,2,3.23,3.96,40,Aktif
NIM01491,7,2.87,3.96,140,Aktif
NIM01492,1,2.85,2.76,20,Aktif
NIM01493,1,3.05,2.05,20,Aktif
NIM01494,1,2.72,3.45,20,Aktif
NIM01495,4,3.25,3.66,80,Aktif
NIM01496,1,2.06,2.25,20,Aktif
NIM01497,2,3.94,2.27,40,Aktif
NIM01498,4,3.85,3.64,80,Aktif
NIM01499,7,3.87,3.84,140,Aktif
NIM01500,2,2.73,3.58,40,Aktif
NIM01501,8,3.06,2.4,160,Aktif
NIM01502,5,3.91,2.82,100,Aktif
NIM01503,7,3.8,3.2,140,Aktif
NIM01504,1,3.58,2.32,20,Aktif
NIM01505,6,2.81,2.42,120,Aktif
NIM01506,6,3.13,2.57,120,Aktif
NIM01507,4,3.59,3.02,80,Lulus
NIM01508,6,2.55,3.02,120,Aktif
NIM01509,7,3.25,3.63,140,Lulus
NIM01510,4,3.66,3.51,80,Aktif
NIM01511,7,3.41,3.83,140,Aktif
NIM01512,1,2.96,3.67,20,Cuti
NIM01513,3,3.17,2.51,60,Aktif
NIM01514,3,3.98,2.66,60,Aktif
NIM01515,2,3.2,3,40,Lulus
NIM01516,1,3.57,2.03,20,Aktif
NIM01517,6,3.45,3.81,120,Aktif
NIM01518,1,3.4,2.09,20,Aktif
NIM01519,5,3.43,2.64,100,Lulus
NIM01520,3,2.91,3.14,60,Drop Out
NIM01521,6,2.95,3.04,120,Aktif
NIM01522,7,2.94,3.31,140,Aktif
NIM01523,7,2.07,3.06,140,Drop Out
NIM01524,3,2.48,2.46,60,Aktif
NIM01525,1,2.31,2.4,20,Aktif
NIM01526,6,3.77,3.81,120,Aktif
NIM01527,2,2.55,2.53,40,Aktif
NIM01528,7,2.28,2.56,140,Aktif
NIM01529,1,2.24,2.83,20,Drop Out
NIM01530,2,3.4,2.28,40,Cuti
NIM01531,8,2.01,3.01,160,Aktif
NIM01532,6,2.94,3.33,120,Aktif
NIM01533,3,2.24,3.57,60,Aktif
NIM01534,8,3.7,3.42,160,Aktif
NIM01535,5,3.92,2.3,100,Aktif
NIM01536,8,3.92,2.91,160,Aktif
NIM01537,4,2.88,2.08,80,Aktif
NIM01538,3,3.29,2.04,60,Aktif
NIM01539,2,3.2,2.88,40,Aktif
NIM01540,1,2.7,2.51,20,Aktif
NIM01541,8,2.89,3.37,160,Aktif
NIM01542,7,2.13,3.45,140,Aktif
NIM01543,6,3.59,3.79,120,Cuti
NIM01544,8,2.48,3.52,160,Cuti
NIM01545,3,2.92,2.1,60,Aktif
NIM01546,7,2.96,2.74,140,Aktif
NIM01547,7,3.12,2.55,140,Aktif
NIM01548,5,3.64,2.77,100,Aktif
NIM01549,6,3.38,2.32,120,Aktif
NIM01550,8,3.33,2.2,160,Lulus
NIM01551,2,3.05,3.04,40,Aktif
NIM01552,6,2.19,3.44,120,Aktif
NIM01553,8,2.8,3.4,160,Aktif
NIM01554,6,3.91,2.9,120,Aktif
NIM01555,1,3.99,3.04,20,Aktif
NIM01556,4,3.46,3.03,80,Aktif
NIM01557,8,2.46,3.38,160,Aktif
NIM01558,7,2.2,2.1,140,Aktif
NIM01559,2,2.83,3.42,40,Lulus
NIM01560,8,3.71,3.16,160,Aktif
NIM01561,8,3.44,2.4,160,Aktif
NIM01562,1,3.77,2.1,20,Aktif
NIM01563,7,3.23,2.22,140,Aktif
NIM01564,4,2.26,3.05,80,Aktif
NIM01565,1,2.23,3.52,20,Aktif
NIM01566,4,2.1,2.67,80,Aktif
NIM01567,4,3.13,2.76,80,Aktif
NIM01568,4,2.49,3.87,80,Aktif
NIM01569,1,3.47,2.43,20,Aktif
NIM01570,6,3.37,2.21,120,Aktif
NIM01571,8,2.64,2.69,160,Aktif
NIM01572,4,2.35,3.49,80,Aktif
NIM01573,6,2.2,3.25,120,Aktif
NIM01574,8,3.47,2.83,160,Aktif
NIM01575,7,2.9,3.93,140,Aktif
NIM01576,8,2.65,3.47,160,Lulus
NIM01577,7,3.71,2.12,140,Aktif
NIM01578,2,3.19,3.49,40,Lulus
NIM01579,5,3.04,2.05,100,Aktif
NIM01580,6,3.49,3.3,120,Aktif
NIM01581,8,3.63,2.42,160,Aktif
NIM01582,7,3.37,3.39,140,Aktif
NIM01583,5,2.88,2.62,100,Aktif
NIM01584,4,2.76,3.75,80,Aktif
NIM01585,5,3.54,2.67,100,Lulus
NIM01586,5,3.04,3.24,100,Aktif
NIM01587,4,3.41,2.57,80,Aktif
NIM01588,6,3.78,3.83,120,Cuti
NIM01589,8,3.83,3.56,160,Cuti
NIM01590,4,2.56,2.49,80,Aktif
NIM01591,2,2.38,3.9,40,Aktif
NIM01592,3,2.52,2.71,60,Aktif
NIM01593,8,3.5,3.3,160,Aktif
NIM01594,1,2.74,3.49,20,Aktif
NIM01595,4,2.35,2.05,80,Aktif
NIM01596,4,2.2,3.92,80,Aktif
NIM01597,5,2.65,2.69,100,Lulus
NIM01598,2,2.27,2.38,40,Lulus
NIM01599,7,2.31,3.7,140,Aktif
NIM01600,7,3.37,3.41,140,Aktif
NIM01601,5,2.04,2.17,100,Aktif
NIM01602,6,2.24,2.23,120,Aktif
NIM01603,8,3.69,3.43,160,Aktif
NIM01604,4,3.69,2.15,80,Lulus
NIM01605,8,2.66,3.83,160,Aktif
NIM01606,8,2.18,3.48,160,Aktif
NIM01607,4,3.41,2.67,80,Aktif
NIM01608,5,2.72,2.73,100,Lulus
NIM01609,8,2.09,3.01,160,Lulus
NIM01610,4,2.32,2.72,80,Cuti
NIM01611,6,2.27,3.57,120,Aktif
NIM01612,8,3.18,3.95,160,Aktif
NIM01613,3,3.8,3.17,60,Aktif
NIM01614,1,3.59,2.89,20,Aktif
NIM01615,1,3.09,2.45,20,Cuti
NIM01616,1,2.84,3.31,20,Aktif
NIM01617,3,3.24,3.37,60,Aktif
NIM01618,4,2.89,3.37,80,Aktif
NIM01619,5,2.49,2.05,100,Aktif
NIM01620,7,3.36,3.8,140,Aktif
NIM01621,2,3.75,2.68,40,Aktif
NIM01622,4,2.75,3.49,80,Aktif
NIM01623,3,3.68,3.52,60,Aktif
NIM01624,8,2.86,3.3,160,Lulus
NIM01625,6,2.8,2.79,120,Aktif
NIM01626,3,2.06,3.22,60,Aktif
NIM01627,8,3.39,2.08,160,Aktif
NIM01628,7,3.62,3.52,140,Aktif
NIM01629,1,3.33,2.2,20,Drop Out
NIM01630,4,2.3,2.79,80,Aktif
NIM01631,7,2.21,2.21,140,Aktif
NIM01632,1,3.15,3.67,20,Lulus
NIM01633,2,2.8,3.1,40,Cuti
NIM01634,8,2.86,3.38,160,Aktif
NIM01635,8,3.94,3.37,160,Aktif
NIM01636,6,3.45,3.68,120,Aktif
NIM01637,1,2.82,2.27,20,Cuti
NIM01638,2,2.04,3.32,40,Aktif
NIM01639,8,2.07,3.15,160,Aktif
NIM01640,3,3.37,2.06,60,Aktif
NIM01641,1,3.68,2.4,20,Aktif
NIM01642,1,3.42,2.54,20,Drop Out
NIM01643,5,2.81,2.15,100,Lulus
NIM01644,6,2.06,2.71,120,Aktif
NIM01645,6,3.93,2.05,120,Aktif
NIM01646,7,3.97,3.11,140,Aktif
NIM01647,3,3.1,2.42,60,Drop Out
NIM01648,5,2.14,2.57,100,Cuti
NIM01649,7,3.08,3.82,140,Lulus
NIM01650,2,3.78,3.01,40,Lulus
NIM01651,7,3.36,2.54,140,Aktif
NIM01652,2,3.44,3.2,40,Cuti
NIM01653,3,2.17,2.4,60,Aktif
NIM01654,8,2.21,2.15,160,Aktif
NIM01655,6,2.25,2.04,120,Aktif
NIM01656,8,3.81,3.9,160,Aktif
NIM01657,2,3.05,3.45,40,Cuti
NIM01658,3,3.58,3.6,60,Aktif
NIM01659,8,2.23,3.96,160,Drop Out
NIM01660,7,3.86,3.86,140,Aktif
NIM01661,2,3.64,3.47,40,Aktif
NIM01662,4,2.45,3.39,80,Aktif
NIM01663,1,3.75,2.67,20,Aktif
NIM01664,7,2.53,2.21,140,Aktif
NIM01665,6,2.41,3.15,120,Aktif
NIM01666,8,2.53,3.15,160,Drop Out
NIM01667,7,3.82,3.9,140,Aktif
NIM01668,4,3.83,2.89,80,Aktif
NIM01669,3,2.66,3.38,60,Drop Out
NIM01670,3,3.41,3.15,60,Aktif
NIM01671,7,3.35,2.35,140,Aktif
NIM01672,4,3.61,3.18,80,Aktif
NIM01673,8,2.59,3.08,160,Aktif
NIM01674,7,3.02,2.99,140,Aktif
NIM01675,1,3.34,3.03,20,Aktif
NIM01676,1,2.05,2.33,20,Aktif
NIM01677,5,2.75,2.93,100,Aktif
NIM01678,2,3.39,3.21,40,Aktif
NIM01679,5,2.51,2.98,100,Aktif
NIM01680,8,3.92,2.98,160,Lulus
NIM01681,1,2.06,2.16,20,Aktif
NIM01682,4,3.92,2.38,80,Aktif
NIM01683,2,2.43,2.64,40,Drop Out
NIM01684,8,2.1,2.84,160,Cuti
NIM01685,4,2.58,3.19,80,Drop Out
NIM01686,8,3.57,3.73,160,Lulus
NIM01687,5,3.5,2.32,100,Aktif
NIM01688,3,2.42,2.03,60,Aktif
NIM01689,4,2.39,2.9,80,Aktif
NIM01690,5,3.29,2.86,100,Aktif
NIM01691,5,2.92,3.1,100,Aktif
NIM01692,5,3.58,3.67,100,Aktif
NIM01693,3,2.05,3.6,60,Cuti
NIM01694,3,3.22,2.2,60,Aktif
NIM01695,7,3.46,3.87,140,Aktif
NIM01696,3,3.99,2.22,60,Aktif
NIM01697,2,3.36,3.27,40,Aktif
NIM01698,3,2.46,3.34,60,Cuti
NIM01699,3,2.22,3.36,60,Lulus
NIM01700,3,3.28,2.53,60,Cuti
NIM01701,8,3.05,2.66,160,Aktif
NIM01702,4,3.8,3.1,80,Lulus
NIM01703,3,3.45,2.4,60,Aktif
NIM01704,2,3.02,2.04,40,Cuti
NIM01705,8,2.81,3.12,160,Aktif
NIM01706,5,2.81,2.93,100,Aktif
NIM01707,4,2.45,3.31,80,Lulus
NIM01708,1,2.03,2.29,20,Aktif
NIM01709,8,3.15,3.68,160,Drop Out
NIM01710,3,2.42,2.29,60,Aktif
NIM01711,8,2.42,3.78,160,Drop Out
NIM01712,7,2.25,2.9,140,Lulus
NIM01713,7,2.38,3.1,140,Aktif
NIM01714,8,2.06,3.79,160,Aktif
NIM01715,5,3.35,2.6,100,Aktif
NIM01716,5,2.8,2.36,100,Lulus
NIM01717,4,3.12,2.89,80,Aktif
NIM01718,7,3.27,2.49,140,Aktif
NIM01719,1,3.94,3.06,20,Aktif
NIM01720,6,2.14,2.55,120,Aktif
NIM01721,7,2.84,3.73,140,Aktif
NIM01722,8,2.49,3.21,160,Aktif
NIM01723,7,2.95,2,140,Drop Out
NIM01724,2,3.84,3.61,40,Aktif
NIM01725,6,3.45,2.66,120,Aktif
NIM01726,5,3.32,2.64,100,Aktif
NIM01727,6,2.88,2.77,120,Aktif
NIM01728,7,3.34,3.26,140,Lulus
NIM01729,5,2.06,2.88,100,Aktif
NIM01730,6,3.17,3.26,120,Aktif
NIM01731,5,3.11,2.29,100,Aktif
NIM01732,5,2.69,3.94,100,Drop Out
NIM01733,4,2.4,3.46,80,Lulus
NIM01734,1,3.62,2.5,20,Aktif
NIM01735,5,2.11,3.45,100,Aktif
NIM01736,2,2.14,3.15,40,Aktif
NIM01737,7,2.88,2.22,140,Cuti
NIM01738,7,2.51,2.36,140,Aktif
NIM01739,2,3.49,2.08,40,Lulus
NIM01740,3,3.27,3.62,60,Drop Out
NIM01741,5,3.55,3.1,100,Drop Out
NIM01742,8,2.65,2.63,160,Aktif
NIM01743,5,3.48,2.25,100,Aktif
NIM01744,5,3.72,2.97,100,Cuti
NIM01745,8,2.69,3.05,160,Aktif
NIM01746,6,2.68,3.4,120,Aktif
NIM01747,5,3.8,3.94,100,Aktif
NIM01748,5,2.1,2.87,100,Aktif
NIM01749,2,2.7,2.81,40,Aktif
NIM01750,1,2.24,2.74,20,Aktif
NIM01751,1,2.06,3.65,20,Aktif
NIM01752,3,2.23,2.31,60,Aktif
NIM01753,2,2.86,2.69,40,Aktif
NIM01754,5,3.37,3.45,100,Aktif
NIM01755,1,2.58,2.03,20,Aktif
NIM01756,4,3.7,2.58,80,Drop Out
NIM01757,4,2.88,3.28,80,Cuti
NIM01758,4,3.94,2.37,80,Cuti
NIM01759,5,3.91,2.61,100,Cuti
NIM01760,5,3.55,2.97,100,Aktif
NIM01761,8,3.86,2.84,160,Aktif
NIM01762,3,3.41,2.21,60,Aktif
NIM01763,7,3.79,3.88,140,Aktif
NIM01764,3,2.47,2.09,60,Aktif
NIM01765,3,2.69,3.5,60,Aktif
NIM01766,6,3.51,2.14,120,Lulus
NIM01767,4,2.85,2.93,80,Aktif
NIM01768,5,3.67,2.35,100,Aktif
NIM01769,4,3.76,2.28,80,Lulus
NIM01770,3,2.6,2.25,60,Drop Out
NIM01771,5,3.65,2.91,100,Aktif
NIM01772,2,2.31,3.03,40,Lulus
NIM01773,8,2.67,2.27,160,Aktif
NIM01774,1,3.04,3.96,20,Cuti
NIM01775,1,2.45,2.52,20,Aktif
NIM01776,3,3.16,2.92,60,Aktif
NIM01777,7,3.16,2.43,140,Cuti
NIM01778,4,2.41,2.99,80,Aktif
NIM01779,2,3.59,3.51,40,Aktif
NIM01780,5,3.26,3.04,100,Aktif
NIM01781,7,2.64,2.57,140,Aktif
NIM01782,4,2.46,2.5,80,Lulus
NIM01783,3,3.76,3.52,60,Aktif
NIM01784,4,3.67,2.24,80,Aktif
NIM01785,3,2.46,2.74,60,Aktif
NIM01786,6,2.07,2.3,120,Aktif
NIM01787,1,3.61,2.52,20,Aktif
NIM01788,7,3.23,2.31,140,Aktif
NIM01789,1,2.2,3.77,20,Lulus
NIM01790,4,3.17,3.46,80,Aktif
NIM01791,2,2.9,3.12,40,Aktif
NIM01792,5,3.55,2.45,100,Aktif
NIM01793,3,2.42,3.02,60,Aktif
NIM01794,5,2.91,3.04,100,Aktif
NIM01795,1,2.31,3.18,20,Drop Out
NIM01796,8,3.92,2.12,160,Lulus
NIM01797,2,3.56,3.95,40,Aktif
NIM01798,2,3.47,2.93,40,Aktif
NIM01799,5,3.38,3.85,100,Lulus
NIM01800,1,2.85,2.02,20,Aktif
NIM01801,8,3.85,2.5,160,Aktif
NIM01802,5,2.15,2.21,100,Lulus
NIM01803,4,3.61,3.54,80,Cuti
NIM01804,2,2.43,2.64,40,Aktif
NIM01805,2,2.65,3.68,40,Aktif
NIM01806,4,3.04,3.66,80,Aktif
NIM01807,1,3.57,3.34,20,Aktif
NIM01808,2,3.68,3.33,40,Cuti
NIM01809,7,3.17,3.4,140,Aktif
NIM01810,8,2.81,3.35,160,Aktif
NIM01811,6,3.89,2.77,120,Aktif
NIM01812,6,2.49,3.37,120,Aktif
NIM01813,6,3.61,3.79,120,Aktif
NIM01814,3,3.22,2.67,60,Drop Out
NIM01815,7,2.75,3.89,140,Aktif
NIM01816,3,2,2.03,60,Aktif
NIM01817,1,2.89,2.7,20,Aktif
NIM01818,4,2.55,2.26,80,Drop Out
NIM01819,5,2.21,2.25,100,Aktif
NIM01820,7,2.15,3.63,140,Aktif
NIM01821,8,2.7,3.84,160,Aktif
NIM01822,1,3.23,3.56,20,Aktif
NIM01823,5,3.68,3.95,100,Drop Out
NIM01824,1,2.37,2.43,20,Aktif
NIM01825,3,2.85,2.28,60,Cuti
NIM01826,6,2.78,3.04,120,Drop Out
NIM01827,4,3.03,3.66,80,Lulus
NIM01828,3,3.62,2.08,60,Aktif
NIM01829,4,3.11,3.99,80,Aktif
NIM01830,7,3.69,3.2,140,Aktif
NIM01831,5,3.04,3.96,100,Aktif
NIM01832,1,3.21,2.73,20,Cuti
NIM01833,2,2.87,2.92,40,Drop Out
NIM01834,2,3.65,3.5,40,Aktif
NIM01835,4,3.85,3.59,80,Aktif
NIM01836,6,3.28,2.47,120,Aktif
NIM01837,6,3.64,3.86,120,Aktif
NIM01838,4,2.12,3.73,80,Drop Out
NIM01839,3,3.81,2.04,60,Aktif
NIM01840,2,2.38,2.26,40,Aktif
NIM01841,3,2.51,2.99,60,Aktif
NIM01842,5,2.11,2.92,100,Lulus
NIM01843,2,3.93,3.42,40,Aktif
NIM01844,5,3.7,2.18,100,Lulus
NIM01845,1,3.83,3.29,20,Cuti
NIM01846,3,3.69,3.23,60,Aktif
NIM01847,4,2.96,2.47,80,Aktif
NIM01848,2,3.85,3.08,40,Aktif
NIM01849,3,3.94,2.44,60,Aktif
NIM01850,4,3.01,2.29,80,Drop Out
NIM01851,1,2.35,3.15,20,Aktif
NIM01852,2,3.32,3.95,40,Aktif
NIM01853,5,3.95,2.47,100,Aktif
NIM01854,1,3.74,2.71,20,Aktif
NIM01855,6,3.72,2.51,120,Aktif
NIM01856,4,3.87,2.53,80,Aktif
NIM01857,8,3.79,2.81,160,Aktif
NIM01858,2,3.55,3.4,40,Aktif
NIM01859,2,3.44,2.08,40,Aktif
NIM01860,7,2.53,3.91,140,Aktif
NIM01861,7,3.24,2.09,140,Aktif
NIM01862,1,3.04,3.76,20,Drop Out
NIM01863,2,3.72,3.79,40,Aktif
NIM01864,4,2.98,3.05,80,Aktif
NIM01865,1,2.26,2.27,20,Aktif
NIM01866,5,2.01,3.13,100,Aktif
NIM01867,1,3.36,3.26,20,Aktif
NIM01868,1,3.1,3.72,20,Lulus
NIM01869,8,2.66,3.1,160,Aktif
NIM01870,5,2.34,2.82,100,Aktif
NIM01871,6,2.93,3.68,120,Aktif
NIM01872,7,2.2,3.96,140,Aktif
NIM01873,4,2.67,3.29,80,Aktif
NIM01874,6,2.76,3.75,120,Aktif
NIM01875,6,2.93,3.2,120,Lulus
NIM01876,6,2.93,3.38,120,Aktif
NIM01877,7,2.51,3.38,140,Aktif
NIM01878,3,3.7,3.41,60,Lulus
NIM01879,7,2.71,2.64,140,Cuti
NIM01880,6,2.46,3.15,120,Lulus
NIM01881,3,2.35,3.19,60,Aktif
NIM01882,5,2.65,2.63,100,Aktif
NIM01883,7,2.14,2.7,140,Drop Out
NIM01884,4,2.07,3.52,80,Aktif
NIM01885,6,3.21,3.17,120,Aktif
NIM01886,2,3.24,2.3,40,Cuti
NIM01887,5,3.06,3.68,100,Aktif
NIM01888,3,3.52,3.77,60,Drop Out
NIM01889,7,2.08,2.93,140,Lulus
NIM01890,4,3.87,2.42,80,Drop Out
NIM01891,1,2.19,3.9,20,Aktif
NIM01892,4,3.35,3.76,80,Aktif
NIM01893,4,2.27,2.49,80,Cuti
NIM01894,6,3.76,2.19,120,Lulus
NIM01895,6,3.02,2.88,120,Aktif
NIM01896,7,2.16,3.35,140,Aktif
NIM01897,7,3.23,2.35,140,Drop Out
NIM01898,8,2.02,3.03,160,Aktif
NIM01899,3,3.55,2.85,60,Aktif
NIM01900,8,3.3,3.78,160,Aktif
NIM01901,7,2.43,2.86,140,Aktif
NIM01902,3,2.75,3.07,60,Cuti
NIM01903,6,2.02,3.91,120,Aktif
NIM01904,6,3.39,2.6,120,Aktif
NIM01905,2,2.65,2.58,40,Aktif
NIM01906,2,3.14,3.6,40,Aktif
NIM01907,5,3.91,2.56,100,Aktif
NIM01908,6,2.6,3.66,120,Cuti
NIM01909,1,3.98,2.19,20,Aktif
NIM01910,2,3.27,2.22,40,Aktif
NIM01911,3,2.48,3.8,60,Aktif
NIM01912,4,2.87,3.08,80,Aktif
NIM01913,7,3.48,3.44,140,Aktif
NIM01914,7,2.89,2.45,140,Aktif
NIM01915,5,2.14,2.33,100,Aktif
NIM01916,2,2.34,3.67,40,Aktif
NIM01917,4,3.58,2.72,80,Aktif
NIM01918,4,3.3,2.91,80,Drop Out
NIM01919,2,3.14,2.06,40,Drop Out
NIM01920,1,2.34,2.77,20,Aktif
NIM01921,1,3.68,3.54,20,Aktif
NIM01922,5,3.92,3.64,100,Lulus
NIM01923,8,2.08,3.4,160,Aktif
NIM01924,1,2.16,3.38,20,Cuti
NIM01925,5,3.77,3.01,100,Aktif
NIM01926,8,3.63,3.08,160,Aktif
NIM01927,8,3.24,3.49,160,Drop Out
NIM01928,3,3.89,2.49,60,Aktif
NIM01929,8,3.29,2.46,160,Aktif
NIM01930,2,2.43,3.9,40,Lulus
NIM01931,8,3.46,2.06,160,Cuti
NIM01932,4,3.29,2.28,80,Aktif
NIM01933,5,3.97,3.14,100,Aktif
NIM01934,7,2.43,3.48,140,Aktif
NIM01935,1,3.2,3.08,20,Drop Out
NIM01936,7,3.56,2.71,140,Lulus
NIM01937,5,2.68,3.96,100,Cuti
NIM01938,6,2.76,3.41,120,Cuti
NIM01939,5,3.78,3.66,100,Aktif
NIM01940,1,2.81,2.08,20,Drop Out
NIM01941,6,3.25,2.47,120,Cuti
NIM01942,6,3.78,2.75,120,Cuti
NIM01943,8,2.42,2.37,160,Aktif
NIM01944,1,3.96,2.15,20,Lulus
NIM01945,6,3.4,2.45,120,Aktif
NIM01946,2,2.99,3.07,40,Aktif
NIM01947,4,2.86,3.39,80,Aktif
NIM01948,7,3.91,3.55,140,Aktif
NIM01949,2,2.41,2.09,40,Aktif
NIM01950,2,2.62,2.86,40,Cuti
NIM01951,1,2.62,2.24,20,Aktif
NIM01952,8,2.58,2.86,160,Aktif
NIM01953,1,2.94,2.87,20,Aktif
NIM01954,7,3.98,3,140,Drop Out
NIM01955,4,3.78,3.79,80,Aktif
NIM01956,5,2.66,3.61,100,Aktif
NIM01957,2,2.85,3.27,40,Aktif
NIM01958,6,3.34,3.77,120,Aktif
NIM01959,4,2.03,3.36,80,Cuti
NIM01960,2,3.64,3.64,40,Drop Out
NIM01961,5,3.76,3.13,100,Drop Out
NIM01962,8,3.71,3.05,160,Aktif
NIM01963,6,2.75,3.45,120,Aktif
NIM01964,2,2.92,2.04,40,Aktif
NIM01965,3,2.02,3.38,60,Aktif
NIM01966,7,2.8,3.87,140,Aktif
NIM01967,4,2.92,3.43,80,Aktif
NIM01968,7,3.81,2.07,140,Aktif
NIM01969,1,3.79,2.76,20,Lulus
NIM01970,2,3.93,3.62,40,Cuti
NIM01971,6,3.77,3.92,120,Aktif
NIM01972,6,2.02,2.74,120,Aktif
NIM01973,4,3.28,3.68,80,Lulus
NIM01974,4,2.14,3.73,80,Aktif
NIM01975,7,2.55,2.25,140,Cuti
NIM01976,6,3.16,3.69,120,Aktif
NIM01977,6,3.4,2.65,120,Drop Out
NIM01978,6,3.31,3.19,120,Cuti
NIM01979,2,2.1,3.08,40,Aktif
NIM01980,6,2.21,3.33,120,Aktif
NIM01981,1,2.26,3.48,20,Aktif
NIM01982,6,2.18,2.88,120,Lulus
NIM01983,1,2.36,3.78,20,Aktif
NIM01984,2,3.38,3.62,40,Aktif
NIM01985,4,3.66,3.57,80,Aktif
NIM01986,8,2.82,2.92,160,Drop Out
NIM01987,1,3.39,2.08,20,Cuti
NIM01988,2,2.4,2.98,40,Aktif
NIM01989,8,3.95,3.8,160,Aktif
NIM01990,8,2.7,2.38,160,Aktif
NIM01991,6,3.69,3.97,120,Aktif
NIM01992,2,3.89,3.62,40,Aktif
NIM01993,8,3.73,3.42,160,Aktif
NIM01994,6,2.13,3.35,120,Lulus
NIM01995,7,3.3,3.17,140,Aktif
NIM01996,2,2.24,3.44,40,Cuti
NIM01997,8,2.01,2.84,160,Aktif
NIM01998,4,2.1,3.69,80,Aktif
NIM01999,1,3.83,3.39,20,Aktif
NIM02000,7,3.82,3.54,140,Aktif
